dataset	score	state_set	comparison	cell_type	cell_type_label	proportion_a	proportion_b	mean_score_a	mean_score_b	composition_contribution	composition_ci_low	composition_ci_high	within_state_contribution	within_state_ci_low	within_state_ci_high
validation	core_287	all_states	conventional_vs_normal	ABS	Absorptive	0.3347348236629174	0.6013080846294603	0.07371722034000036	-0.23918692038430225	0.02205489876598263	-0.009887102192616081	0.04028297810121648	0.1464458509501518	0.08225046383235722	0.21648765839957415
validation	core_287	all_states	conventional_vs_normal	GOB	Goblet	0.16976561537163365	0.1292977791202151	0.3645673324863261	0.03548073303407466	0.00809453980408817	-0.0031646558708837915	0.021210359875657024	0.04920887775698484	0.03437512266898254	0.06300544959153224
validation	core_287	all_states	conventional_vs_normal	ASC	Neoplastic	0.34735953352798127	0.004905847557856509	0.8505056383190247	0.4103418237794557	0.2158909304208509	0.12465232832783116	0.30684008201946406	0.07752723693448864	0.04208668289794473	0.11549503965338623
validation	core_287	all_states	conventional_vs_normal	TAC	Transit-amplifying	0.08769924402872661	0.13495243794011252	0.3757271214505905	0.028915058614970294	-0.00956031769968194	-0.017442537863061925	-0.0031003413246660618	0.038609144558716786	0.026318758371927393	0.05204739921567342
validation	core_287	all_states	conventional_vs_normal	SSC	Abnormal	0.007742843982345347	0.0003421168520136384	0.14821199419309636	-0.081916931225157	0.00024531583555693887	-0.0006135096646229077	0.0008234125627626449	0.0009302916744298492	0.000104438177813372	0.0022120545674228272
validation	core_287	all_states	conventional_vs_normal	STM	Crypt stem	0.023785505234553604	0.06999830214741343	0.23862216745402529	0.06931932708792568	-0.007115418874154856	-0.015394965812930362	-0.0026090378819770468	0.0079389324850571	0.0028053465502754357	0.0164123490500425
validation	core_287	all_states	conventional_vs_normal	CT	Other colonic epithelium	0.013799128826693614	0.03554703029081891	-0.12106192637102933	-0.10955078150801327	0.002507671223664265	0.0004910688462732591	0.004337296666501474	-0.0002840153930175638	-0.003739922787381003	0.002783598363257221
validation	core_287	all_states	conventional_vs_normal	TUF	Tuft	0.009013505381563579	0.013506645803986634	0.6839483347714046	0.19689675153274303	-0.001978880331582945	-0.0053329728395901665	0.0010912692657224694	0.005484237644848127	0.0027468665223859857	0.008455254387614752
validation	core_287	all_states	conventional_vs_normal	EE	Enteroendocrine	0.0060997999835849205	0.01014175565812301	0.41213173229678063	0.23409163957422938	-0.0013060031124765834	-0.0030734732916013	0.00014658697318844488	0.0014458240362040778	0.00022408146993337972	0.003107537012775999
validation	core_287	all_states	conventional_vs_serrated	ABS	Absorptive	0.3347348236629174	0.5247264945217853	0.07371722034000036	-0.11247489175750104	0.003681817375604971	-0.030129158140389436	0.017568813478141692	0.08001245904945625	0.013765886859900666	0.15476575417709157
validation	core_287	all_states	conventional_vs_serrated	GOB	Goblet	0.16976561537163365	0.09869075917236501	0.3645673324863261	0.11684470211130656	0.017108145565812038	0.0009164477294796267	0.03615697563671951	0.0332513596214904	0.018176422241999134	0.04812427530996999
validation	core_287	all_states	conventional_vs_serrated	ASC	Neoplastic	0.3473595335279812	0.027686758817379604	0.8505056383190248	0.45982403290232626	0.20943836089247983	0.11711178187903304	0.29882133091589763	0.073261843799533	0.04174948626573974	0.10495737009913461
validation	core_287	all_states	conventional_vs_serrated	TAC	Transit-amplifying	0.08769924402872661	0.06957685427242902	0.3757271214505905	0.10476521156015263	0.004353834666866712	-0.002863274687864628	0.012432577814447832	0.021307915987898694	0.01310148861024016	0.02978794657521965
validation	core_287	all_states	conventional_vs_serrated	SSC	Abnormal	0.007742843982345347	0.201545449819227	0.14821199419309636	-0.02747572131953778	-0.011699502150964231	-0.030886226196439284	-0.0005595911567534083	0.018384691110767615	0.0022902231677460745	0.04128720618925984
validation	core_287	all_states	conventional_vs_serrated	STM	Crypt stem	0.0237855052345536	0.03380419060646798	0.23862216745402534	0.14519630496305394	-0.0019226782575377571	-0.006586379296497321	0.001950885310783939	0.002690183502270075	-0.0004969932227931301	0.006958024321585596
validation	core_287	all_states	conventional_vs_serrated	CT	Other colonic epithelium	0.013799128826693614	0.016271051798755463	-0.1210619263710293	-0.018804171909041486	0.00017286911067558363	-0.0011464542380277666	0.001064920561639104	-0.0015374545735123975	-0.003935104914110082	0.0005826738562233585
validation	core_287	all_states	conventional_vs_serrated	TUF	Tuft	0.009013505381563579	0.01690845468148816	0.6839483347714046	0.2907660694076568	-0.0038476604014499433	-0.010289207085581242	0.001170794852020582	0.00509602749012964	0.0023368838398893773	0.008233654271761846
validation	core_287	all_states	conventional_vs_serrated	EE	Enteroendocrine	0.0060997999835849205	0.010789986310102405	0.41213173229678063	0.406350763666123	-0.0019194177055295563	-0.005333865828958501	0.00084105147110336	4.881966237115885e-05	-0.001168385491880062	0.0016287326318808629
discovery	core_287	all_states	conventional_vs_normal	ABS	Absorptive	0.416497049166257	0.6281391182638753	-0.04924465041666174	-0.2743417018934138	0.03424224256732762	0.01624026759437595	0.05147727226677246	0.11757226057724873	0.072076919578516	0.16543333303459518
discovery	core_287	all_states	conventional_vs_normal	GOB	Goblet	0.140444589791083	0.15946773025922542	0.36213919848550624	-0.04022308777781725	-0.003061927696475225	-0.014907414864122266	0.007915143293693491	0.06033670338698985	0.04337858202167595	0.07680099746079377
discovery	core_287	all_states	conventional_vs_normal	ASC	Neoplastic	0.29538186766757285	0.019136340892967747	0.6784530666188492	0.2360719857830533	0.12631672742466846	0.0727715549933627	0.18003110898172126	0.0695684525227751	0.0363377348743908	0.1103681089914167
discovery	core_287	all_states	conventional_vs_normal	TAC	Transit-amplifying	0.07710851335854828	0.09122202336169422	0.42470163768526215	-0.09617526839095394	-0.002318330099666218	-0.005341600504432384	0.0019139127071965637	0.0438397445824944	0.028520502028939278	0.059179699903433726
discovery	core_287	all_states	conventional_vs_normal	SSC	Abnormal	0.004359406731763185	0.0028568638030076893	-0.0029994936440383324	-0.3675260838382341	-0.00027836529318451755	-0.0008289702648741912	0.0002477837759422336	0.0013152612459794363	0.0005669715995425968	0.002284618442927887
discovery	core_287	all_states	conventional_vs_normal	STM	Crypt stem	0.038852717033241925	0.04932835059103696	0.14848594728962025	-0.09949920117535328	-0.00025658360074090034	-0.0020667972501658546	0.002758756955958716	0.010933797573303336	0.0003757429336049641	0.022544574440530544
discovery	core_287	all_states	conventional_vs_normal	CT	Other colonic epithelium	0.011460979353610278	0.024263814832349944	-0.10587535392504602	-0.22964061177486234	0.0021477778546731938	0.0001616441232018035	0.003811053211141652	0.002210744182028493	5.9152012777739904e-05	0.004491822857303538
discovery	core_287	all_states	conventional_vs_normal	TUF	Tuft	0.012224800877140297	0.019137879543136758	0.4548379200714688	0.0837156291481872	-0.0018615315258035394	-0.0045030353714474005	0.0005958888898351007	0.005819694903533984	0.0038752774974163736	0.00784334045866213
discovery	core_287	all_states	conventional_vs_normal	EE	Enteroendocrine	0.003670076020783119	0.006447878452706022	0.3703242494463168	0.192453068718114	-0.0007816421015141025	-0.0019693869626292724	0.0001855499907724488	0.0008998462543768575	0.0004198879255114643	0.0016565703661879354
discovery	core_287	all_states	conventional_vs_serrated	ABS	Absorptive	0.416497049166257	0.5158813950629972	-0.049244650416661734	-0.14080159263543782	0.009443810777932913	-0.006903511438240191	0.02375459103503628	0.042682859672165084	0.001722681428262835	0.08662971744391164
discovery	core_287	all_states	conventional_vs_serrated	GOB	Goblet	0.140444589791083	0.11916694254275546	0.36213919848550624	0.09948042710602821	0.004911089778120854	-0.015942315572108356	0.02353187338366444	0.03409462305937482	0.0218737239904188	0.04800294296664184
discovery	core_287	all_states	conventional_vs_serrated	ASC	Neoplastic	0.29538186766757285	0.04572846011758602	0.6784530666188491	0.3148797408450109	0.12399446010727382	0.0668642794652122	0.18692833700692765	0.06200930816432714	0.035258037197559995	0.09236907523503803
discovery	core_287	all_states	conventional_vs_serrated	TAC	Transit-amplifying	0.07710851335854828	0.0764211545884923	0.42470163768526203	-0.0030710277236892713	0.00014490574874056886	-0.005494393617396967	0.0068082670336342644	0.032837897638528395	0.020945245115975376	0.0448122528281683
discovery	core_287	all_states	conventional_vs_serrated	SSC	Abnormal	0.004359406731763185	0.17162209857858543	-0.0029994936440383324	-0.16222864675895202	0.013818251766324428	0.003304935686553198	0.028726562579955605	0.014010693027227248	0.0019329668593109518	0.02762708410303035
discovery	core_287	all_states	conventional_vs_serrated	STM	Crypt stem	0.038852717033241925	0.020360305362017127	0.14848594728962025	0.04822836433288532	0.001818861016072487	-0.0015264741958296328	0.008055973807324292	0.0029682772524558436	-0.0032863549235532426	0.010328133007529595
discovery	core_287	all_states	conventional_vs_serrated	CT	Other colonic epithelium	0.011460979353610278	0.02840535644755775	-0.10587535392504603	-0.09510000284873579	0.0017027011158827947	-3.6171706275654925e-06	0.0037000748037068704	-0.00021478688219183067	-0.0029489377821128476	0.0023073726687504463
discovery	core_287	all_states	conventional_vs_serrated	TUF	Tuft	0.012224800877140299	0.0076021568982530185	0.4548379200714687	0.1095056363020218	0.0013043796714468754	-0.0005210335364213893	0.003542328944489808	0.0034234443043884835	0.001629260222861873	0.005392485491717417
discovery	core_287	all_states	conventional_vs_serrated	EE	Enteroendocrine	0.003670076020783119	0.014812130401755596	0.3703242494463168	0.20030369236503034	-0.003178983779482214	-0.006344234709518854	-0.0007811551986522568	0.0015711775160256814	0.0005065390794451959	0.0034107695114828657
validation	core_287	canonical_states	conventional_vs_normal	ABS	Absorptive	0.4690284301309606	0.6044752033800879	0.15873235164335897	-0.23881704479489005	0.005423606637010681	-0.011808615005367732	0.017234192674821958	0.21338536078829234	0.1326623234245224	0.2969966614764753
validation	core_287	canonical_states	conventional_vs_normal	GOB	Goblet	0.3074708166596557	0.1300470708062152	0.42291642322096945	0.03572149228114161	0.04068662847939914	0.014380011456451049	0.07429108921152347	0.08470235411114362	0.05344031142237184	0.11411311886318617
validation	core_287	canonical_states	conventional_vs_normal	TAC	Transit-amplifying	0.15039645003986635	0.13566582339626732	0.43790778936636016	0.02922198499158795	0.003440557150087797	-0.004963667802626766	0.012794334263863808	0.058454795160261155	0.0385357374676479	0.07856763582383658
validation	core_287	canonical_states	conventional_vs_normal	STM	Crypt stem	0.032958149070736846	0.07029773477124994	0.29917188137334905	0.06947817745518736	-0.006882620232563664	-0.013589565442212377	-0.00213769715717712	0.011858613205504704	0.004664400315078538	0.02091914425803065
validation	core_287	canonical_states	conventional_vs_normal	CT	Other colonic epithelium	0.014379257710483583	0.03571238849808887	-0.11722255079576627	-0.10961292561773739	0.0024195554427990144	0.0004428511372252569	0.004193781945690893	-0.00019058932609883388	-0.00368883400399763	0.0028599889088901003
validation	core_287	canonical_states	conventional_vs_normal	TUF	Tuft	0.016282052259192208	0.013582150907928426	0.7681977212168094	0.19732256759943295	0.0013034047662237847	-0.0038040183331775426	0.007356288016543633	0.008524365785345265	0.003905130559157643	0.013986184647773112
validation	core_287	canonical_states	conventional_vs_normal	EE	Enteroendocrine	0.009484844129104664	0.010219628240162395	0.47447575713604445	0.2342942857135127	-0.00026039648293978097	-0.002547414911102701	0.003034168130362751	0.002366324583627591	0.00032900491703815763	0.00492758557088036
validation	core_287	canonical_states	conventional_vs_serrated	ABS	Absorptive	0.4690284301309608	0.6652561362549957	0.15873235164335892	-0.10434067330540032	-0.005336577136246986	-0.03766484879615758	0.00879670823106468	0.14919983601592263	0.056889211505219445	0.24050812660859497
validation	core_287	canonical_states	conventional_vs_serrated	GOB	Goblet	0.3074708166596557	0.13965024243302981	0.4229164232209695	0.12422421076808873	0.045910727689381946	0.011970433711692288	0.09039740781028176	0.06677578918733475	0.03688621519331546	0.09738931320593872
validation	core_287	canonical_states	conventional_vs_serrated	TAC	Transit-amplifying	0.15039645003986635	0.08972741354179674	0.43790778936636016	0.10509778991391662	0.016471812654005272	0.0038037776456436474	0.030204092332503648	0.039957811453565965	0.024833539462193247	0.05516822858619006
validation	core_287	canonical_states	conventional_vs_serrated	STM	Crypt stem	0.03295814907073685	0.04501234080666019	0.299171881373349	0.1517872063320107	-0.0027179736541287367	-0.007557973698438613	0.002012167277639089	0.00574582765669706	0.0003002423595888296	0.011571033732913558
validation	core_287	canonical_states	conventional_vs_serrated	CT	Other colonic epithelium	0.014379257710483583	0.021321749679778252	-0.11722255079576627	-0.00970133360139429	0.0004405840240694861	-0.0007663018749964162	0.0014885197508167035	-0.001919307884833111	-0.0047433552125592205	0.0006616321924606812
validation	core_287	canonical_states	conventional_vs_serrated	TUF	Tuft	0.016282052259192208	0.023687509778306387	0.7681977212168094	0.29112508188031694	-0.003922385008682363	-0.01230514860156208	0.00467216499781823	0.009534192227176564	0.00421809460138477	0.015180284951506291
validation	core_287	canonical_states	conventional_vs_serrated	EE	Enteroendocrine	0.009484844129104664	0.01534460750543298	0.47447575713604445	0.39752560251362073	-0.0025548608156918022	-0.007157551060297929	0.002594371048833666	0.0009553150712338314	-0.0012900238144275416	0.0033074124943237282
discovery	core_287	canonical_states	conventional_vs_normal	ABS	Absorptive	0.5409136211605778	0.6429072676345503	-0.018415170503276672	-0.27293122842557105	0.014857740806906923	0.001338169238120495	0.029074340797004793	0.1506507129511014	0.09552493216279034	0.20447610273299952
discovery	core_287	canonical_states	conventional_vs_normal	GOB	Goblet	0.22304639710235308	0.16302131937071462	0.376917407334533	-0.03956035842125206	0.010124941542167922	-0.004458279114429429	0.026183611563928694	0.08039430999357056	0.055352869317002805	0.10454636846945298
discovery	core_287	canonical_states	conventional_vs_normal	TAC	Transit-amplifying	0.15178329347007372	0.09330764017250709	0.460326805692929	-0.09510835293804117	0.010678193810584269	-0.001001676729338275	0.029036051444095042	0.06806606080338973	0.03827916760712761	0.10200074316519099
discovery	core_287	canonical_states	conventional_vs_normal	STM	Crypt stem	0.047650482155244096	0.04987612040229933	0.15054461182942888	-0.09910332372886894	-5.72448491371967e-05	-0.00162225931402244	0.0028046371860354644	0.012173657495252663	0.0015977231850638068	0.02393272812690504
discovery	core_287	canonical_states	conventional_vs_normal	CT	Other colonic epithelium	0.013038076630033011	0.02471272662514283	-0.09049651307258082	-0.22921752212307106	0.0018662747297167291	-1.0369383451050069e-05	0.003329209897006648	0.002618414760012262	0.0004430598031246357	0.004893604234877065
discovery	core_287	canonical_states	conventional_vs_normal	TUF	Tuft	0.018645150898014277	0.01962362233542347	0.4984315253451403	0.08349898799525958	-0.00028470119293022556	-0.0030736871817481507	0.0025046000224013326	0.007939479589508762	0.00516731766036452	0.011067519354914356
discovery	core_287	canonical_states	conventional_vs_normal	EE	Enteroendocrine	0.004922978583704033	0.0065513034593623135	0.4114215334907208	0.19240352194454985	-0.0004916116791554958	-0.0016153990979449956	0.0004800939168628591	0.0012565372184961635	0.0005796862926992576	0.002177550175545626
discovery	core_287	canonical_states	conventional_vs_serrated	ABS	Absorptive	0.5409136211605778	0.6518560170606543	-0.018415170503276672	-0.13268391330760998	0.008381647188143113	-0.0014592723799252715	0.01817547552543342	0.06814814350735983	0.014391137562294015	0.12411705940911008
discovery	core_287	canonical_states	conventional_vs_serrated	GOB	Goblet	0.22304639710235305	0.1509627625300722	0.37691740733453305	0.09618480243324486	0.017051463402119528	-0.009589173962402407	0.043644498031750474	0.052498282820276236	0.0331620505962698	0.0734914231146278
discovery	core_287	canonical_states	conventional_vs_serrated	TAC	Transit-amplifying	0.15178329347007372	0.10524934959517528	0.460326805692929	-0.0006160219348182373	0.010696077905042749	-0.006176858466624102	0.03332879918553967	0.05923867664356467	0.03332424457047599	0.08856032453670519
discovery	core_287	canonical_states	conventional_vs_serrated	STM	Crypt stem	0.047650482155244096	0.025334875660639498	0.15054461182942888	0.04654629855260132	0.002199101599874383	-0.0015060530001155877	0.008757472114823996	0.003795177053378809	-0.002950743709185529	0.011614259546865568
discovery	core_287	canonical_states	conventional_vs_serrated	CT	Other colonic epithelium	0.013038076630033011	0.034778110154745356	-0.09049651307258082	-0.09688004756659739	0.002036786355020515	0.00034525029580196605	0.003996970899945299	0.00015261813885648608	-0.002866637285785175	0.0030613313735300624
discovery	core_287	canonical_states	conventional_vs_serrated	TUF	Tuft	0.018645150898014277	0.010533005792430633	0.4984315253451403	0.09614786168800543	0.002411657132200928	-0.0002741767813301011	0.00572388066732044	0.00586894788609706	0.0027600838953559343	0.00948202298618273
discovery	core_287	canonical_states	conventional_vs_serrated	EE	Enteroendocrine	0.004922978583704033	0.02128587920628273	0.4114215334907208	0.19288872738917076	-0.004944134371991136	-0.009819114686966309	-0.0010496898571927392	0.0028637476187811386	0.0008587335913327864	0.006024254105187376
validation	signature_12	all_states	conventional_vs_normal	ABS	Absorptive	0.3347348236629174	0.6013080846294603	0.10222879553542498	-0.4868984351136363	0.05127132010859426	-0.0038282770134466363	0.08484521065047294	0.27572418316549085	0.16056520714943617	0.40535684243553033
validation	signature_12	all_states	conventional_vs_normal	GOB	Goblet	0.16976561537163365	0.1292977791202151	0.7658768171321785	0.06514623541613859	0.01681485240583965	-0.006719328813715465	0.04396182454182261	0.10478143319612333	0.07478509727831069	0.1351533647996141
validation	signature_12	all_states	conventional_vs_normal	ASC	Neoplastic	0.34735953352798127	0.004905847557856509	1.724309676736319	1.0310072734262499	0.4717842227995671	0.27170294155026664	0.6705697016018688	0.12211321765487436	0.05442027148050343	0.20374297767181157
validation	signature_12	all_states	conventional_vs_normal	TAC	Transit-amplifying	0.08769924402872661	0.13495243794011252	0.8995951185282708	0.17234995390500618	-0.025326414185022128	-0.04500690668296602	-0.008263332872796193	0.08096117955353758	0.05568555912479028	0.10916885502637957
validation	signature_12	all_states	conventional_vs_normal	SSC	Abnormal	0.007742843982345347	0.0003421168520136384	0.3066453644118382	-0.1515519025575079	0.0005739021954412042	-0.001740087081976911	0.002364801776289193	0.0018522534789287455	-0.0003123431120118335	0.005119621147553569
validation	signature_12	all_states	conventional_vs_normal	STM	Crypt stem	0.023785505234553604	0.06999830214741343	0.43098553734603146	0.11886549298420378	-0.012705076998488943	-0.02979066543794842	-0.004202595651559513	0.014635903060240327	0.0024753124372942402	0.035075204801319565
validation	signature_12	all_states	conventional_vs_normal	CT	Other colonic epithelium	0.013799128826693614	0.03554703029081891	0.028899222831496988	-0.03632741233761486	8.077376671795056e-05	-0.00987599967263274	0.001980770111373911	0.0016093419588774662	-0.0036928882561099424	0.01164054464398114
validation	signature_12	all_states	conventional_vs_normal	TUF	Tuft	0.009013505381563579	0.013506645803986634	1.5616709372194764	0.7362695784550771	-0.005162484709650507	-0.013488204530016947	0.002889413644543016	0.009294081694066422	0.004828785460071059	0.014288392920304115
validation	signature_12	all_states	conventional_vs_normal	EE	Enteroendocrine	0.0060997999835849205	0.01014175565812301	0.8773699199472194	0.7600762368951727	-0.0033092423926998466	-0.007974167732993191	0.00038554441488540043	0.0009525159398553354	-0.0003179492886681676	0.0028918971517123125
validation	signature_12	all_states	conventional_vs_serrated	ABS	Absorptive	0.3347348236629174	0.5247264945217853	0.10222879553542501	-0.3229600344183299	0.020968548443055506	-0.028990344721814238	0.052097698607015214	0.1827166761347328	0.06397570564450467	0.32433300573529067
validation	signature_12	all_states	conventional_vs_serrated	GOB	Goblet	0.16976561537163365	0.09869075917236501	0.7658768171321785	0.17116663383338843	0.03330011426492205	0.001812700998276369	0.0701679111606645	0.07982686985639503	0.04671451419160684	0.1126895996726297
validation	signature_12	all_states	conventional_vs_serrated	ASC	Neoplastic	0.3473595335279812	0.027686758817379604	1.7243096767363193	0.8406818322827084	0.4099789763986229	0.23072787508776188	0.5884339234083756	0.16570067343772496	0.08550215856863973	0.24826567583981957
validation	signature_12	all_states	conventional_vs_serrated	TAC	Transit-amplifying	0.08769924402872661	0.06957685427242902	0.8995951185282708	0.29573117810471466	0.010831084516767378	-0.0072178007390588305	0.029881066374945645	0.047486682227289204	0.03185547161083096	0.06249478189252691
validation	signature_12	all_states	conventional_vs_serrated	SSC	Abnormal	0.007742843982345347	0.201545449819227	0.3066453644118382	-0.2744470032759288	-0.0031200631459081096	-0.04760830368408977	0.04024924126705083	0.06080791508724435	0.008182143324101823	0.13710587175686112
validation	signature_12	all_states	conventional_vs_serrated	STM	Crypt stem	0.0237855052345536	0.03380419060646798	0.4309855373460315	0.1956866379314302	-0.0031392156777190344	-0.012065486842687762	0.0028734046288029906	0.0067753960245070105	-0.00090972365599475	0.017105223319358154
validation	signature_12	all_states	conventional_vs_serrated	CT	Other colonic epithelium	0.013799128826693614	0.016271051798755463	0.028899222831496988	-0.01665716566557405	-1.5130711166869645e-05	-0.0037977542316232193	0.00026197090233663395	0.0006849444153750284	-0.0026989398319188455	0.006035431723272883
validation	signature_12	all_states	conventional_vs_serrated	TUF	Tuft	0.009013505381563579	0.01690845468148816	1.5616709372194764	0.7705353088325597	-0.00920632503477413	-0.023629910672613278	0.0030032791978323505	0.010253893081751498	0.004925859929468724	0.01617831438016929
validation	signature_12	all_states	conventional_vs_serrated	EE	Enteroendocrine	0.0060997999835849205	0.010789986310102405	0.8773699199472194	1.1758887400562121	-0.004815082845975854	-0.01339636293198643	0.0021752091346674235	-0.002520959538142289	-0.005408226051532075	0.0005628478814458923
discovery	signature_12	all_states	conventional_vs_normal	ABS	Absorptive	0.416497049166257	0.6281391182638753	-0.17089913938235643	-0.5246556694223379	0.07360432945311188	0.03473313505186372	0.11014142215354422	0.18477343287217432	0.09386483355705115	0.2760032759651573
discovery	signature_12	all_states	conventional_vs_normal	GOB	Goblet	0.140444589791083	0.15946773025922542	0.6917429617696973	-0.07911887649343015	-0.005827017014188841	-0.028371303948150288	0.014970348317653953	0.1155954811758701	0.08022885428384245	0.1509190186486392
discovery	signature_12	all_states	conventional_vs_normal	ASC	Neoplastic	0.29538186766757285	0.019136340892967747	1.238034028806469	0.6693574242155234	0.2634541783527199	0.15278542951459487	0.3724545971424774	0.08942957346311757	0.04142936821699527	0.14403451588796642
discovery	signature_12	all_states	conventional_vs_normal	TAC	Transit-amplifying	0.07710851335854828	0.09122202336169422	0.9712722678255861	-0.04748237551349673	-0.00651895894297589	-0.015631389441268982	0.005143139648434907	0.08574375794975352	0.056796060720392214	0.11470377226376077
discovery	signature_12	all_states	conventional_vs_normal	SSC	Abnormal	0.004359406731763185	0.0028568638030076893	-0.1173182798421235	-0.14546272262846818	-0.00019741986853673402	-0.0007626541539594348	0.00016090256160607283	0.00010154895659832194	-0.0009431230500684682	0.0011882994542289525
discovery	signature_12	all_states	conventional_vs_normal	STM	Crypt stem	0.038852717033241925	0.04932835059103696	0.313448375196693	-0.16369725096632426	-0.0007843689511525921	-0.005243062671900651	0.004667116374089208	0.021037605363654958	0.0009083064174266225	0.04250690000226484
discovery	signature_12	all_states	conventional_vs_normal	CT	Other colonic epithelium	0.011460979353610278	0.024263814832349944	0.021285626623203765	-0.2123074116457864	0.001222810243249651	-0.0003655333344894518	0.0030280857593387375	0.004172531607716402	0.0005801683501649934	0.007895240203057782
discovery	signature_12	all_states	conventional_vs_normal	TUF	Tuft	0.012224800877140297	0.019137879543136758	1.0869021329653525	0.5803037302117172	-0.005762762642276808	-0.014321845412540325	0.0017548514232673517	0.007944141903492534	0.0040446408933665304	0.012326400733430233
discovery	signature_12	all_states	conventional_vs_normal	EE	Enteroendocrine	0.003670076020783119	0.006447878452706022	1.261289095100569	0.6573552367669213	-0.002664807445528304	-0.006423238240399949	0.0006725054158664767	0.003055287641809244	0.00173388084314387	0.005000805233387728
discovery	signature_12	all_states	conventional_vs_serrated	ABS	Absorptive	0.416497049166257	0.5158813950629972	-0.17089913938235643	-0.40317175866042254	0.02852683035016792	-0.02025829232199468	0.072338860218918	0.10828299169976859	0.02416753405446941	0.19395774863053195
discovery	signature_12	all_states	conventional_vs_serrated	GOB	Goblet	0.140444589791083	0.11916694254275546	0.6917429617696973	0.22955530501826163	0.009801529765604878	-0.030912623387995067	0.048407347368126394	0.0599946228975132	0.032038135809725525	0.08953270553044725
discovery	signature_12	all_states	conventional_vs_serrated	ASC	Neoplastic	0.29538186766757285	0.04572846011758602	1.2380340288064693	0.7056778710025856	0.24262714954139455	0.13369514713452793	0.3598071666362039	0.09079609174346526	0.04454621783374822	0.14369320796666565
discovery	signature_12	all_states	conventional_vs_serrated	TAC	Transit-amplifying	0.07710851335854828	0.0764211545884923	0.971272267825586	0.048298842645121576	0.00035040557223887573	-0.013574580579600039	0.015930575230549405	0.07085190174594971	0.04602468842506529	0.09721930148118392
discovery	signature_12	all_states	conventional_vs_serrated	SSC	Abnormal	0.004359406731763185	0.17162209857858543	-0.1173182798421235	-0.41624047952163107	0.044622237174816226	0.01893212409359872	0.08034312840710414	0.026302389335140175	0.0028071600976380165	0.05138170160376236
discovery	signature_12	all_states	conventional_vs_serrated	STM	Crypt stem	0.038852717033241925	0.020360305362017127	0.313448375196693	0.101809041616629	0.0038395555506206686	-0.0030667352539729955	0.016348737442547504	0.006265902299497015	-0.006081209370253992	0.02108750966584543
discovery	signature_12	all_states	conventional_vs_serrated	CT	Other colonic epithelium	0.011460979353610278	0.02840535644755775	0.021285626623203765	-0.06996307589093528	0.00041240452818197	-0.002675267075362668	0.0026823881677323067	0.0018188757079247765	-0.0032908456476304537	0.006543040541584331
discovery	signature_12	all_states	conventional_vs_serrated	TUF	Tuft	0.012224800877140299	0.0076021568982530185	1.0869021329653523	0.5389257295462233	0.003757811689673156	-0.0015653132655640133	0.009621299817255161	0.005432352506251483	0.0019320812067597174	0.009246000825426646
discovery	signature_12	all_states	conventional_vs_serrated	EE	Enteroendocrine	0.003670076020783119	0.014812130401755596	1.261289095100569	0.7000928633825083	-0.010926912221638373	-0.02162305549015158	-0.0025273505922201365	0.005186072299082033	0.0025648770928371856	0.009858022445131507
validation	signature_12	canonical_states	conventional_vs_normal	ABS	Absorptive	0.4690284301309606	0.6044752033800879	0.2618077997821493	-0.48628138712414976	0.015202111542565048	-0.012858373482211093	0.03906333083751393	0.40153823016711904	0.25347849371428605	0.5537630285880548
validation	signature_12	canonical_states	conventional_vs_normal	GOB	Goblet	0.3074708166596557	0.1300470708062152	0.8691090267946883	0.06569144811961374	0.0829279009424353	0.029475840542953602	0.1521980300024968	0.17575478088743188	0.11331145312182565	0.23695854491902696
validation	signature_12	canonical_states	conventional_vs_normal	TAC	Transit-amplifying	0.15039645003986635	0.13566582339626732	1.0385468279293335	0.17289686792352887	0.00892266239167513	-0.012977261489715414	0.032573548593772844	0.12381489777957932	0.082697904831962	0.1661589731147237
validation	signature_12	canonical_states	conventional_vs_normal	STM	Crypt stem	0.032958149070736846	0.07029773477124994	0.563403663798523	0.11916163405859485	-0.01274335271776605	-0.025984142381651375	-0.003601595889428321	0.022935301710277228	0.00439930372944081	0.04614317777067391
validation	signature_12	canonical_states	conventional_vs_normal	CT	Other colonic epithelium	0.014379257710483583	0.03571238849808887	0.04573216710170114	-0.036535897599617825	-9.809261002300454e-05	-0.00975068287345805	0.0018116095763339723	0.0020604713956412085	-0.003434697254447889	0.011928641921753082
validation	signature_12	canonical_states	conventional_vs_normal	TUF	Tuft	0.016282052259192208	0.013582150907928426	1.6267448642509081	0.7368444322551971	0.0031907289677347217	-0.010145845911769728	0.01769261308098481	0.013288083649814167	0.007127716472284732	0.021715652171799594
validation	signature_12	canonical_states	conventional_vs_normal	EE	Enteroendocrine	0.009484844129104664	0.010219628240162395	0.9113973265941803	0.7604175666721411	-0.0006142115101008848	-0.006949670719781367	0.006647037037114132	0.0014874882538511974	-0.00011071066886871797	0.0035674810256398413
validation	signature_12	canonical_states	conventional_vs_serrated	ABS	Absorptive	0.4690284301309608	0.6652561362549957	0.2618077997821493	-0.29508287803967215	0.0032647461387857284	-0.047425116966769126	0.029473729648147994	0.315836250508753	0.14461035434168296	0.4902125331176098
validation	signature_12	canonical_states	conventional_vs_serrated	GOB	Goblet	0.3074708166596557	0.13965024243302981	0.8691090267946883	0.19302528549941417	0.08912399509749933	0.023309447607144818	0.17256575421287562	0.15114563922164406	0.08737522806787715	0.21688619478528795
validation	signature_12	canonical_states	conventional_vs_serrated	TAC	Transit-amplifying	0.15039645003986635	0.08972741354179674	1.0385468279293335	0.28564149169591974	0.04016861474683098	0.009996428837763931	0.07138831980109454	0.09039526912380921	0.0584917518990821	0.1203562624354231
validation	signature_12	canonical_states	conventional_vs_serrated	STM	Crypt stem	0.03295814907073685	0.04501234080666019	0.5634036637985229	0.18831061784098016	-0.004530654040757222	-0.012990328440729998	0.003206315767541295	0.014623094271457308	0.0011988778555067272	0.030204082246362122
validation	signature_12	canonical_states	conventional_vs_serrated	CT	Other colonic epithelium	0.014379257710483583	0.021321749679778252	0.04573216710170114	-0.02536076164235644	-7.071415940237307e-05	-0.004982505748108942	0.00046021104262777314	0.0012690445872434789	-0.0027533238720037663	0.0077955216600110585
validation	signature_12	canonical_states	conventional_vs_serrated	TUF	Tuft	0.016282052259192208	0.023687509778306387	1.6267448642509081	0.7479096932152275	-0.008792701723943174	-0.028500152251267796	0.010569014585824937	0.017563328444723164	0.00909991427128018	0.027295772240497094
validation	signature_12	canonical_states	conventional_vs_serrated	EE	Enteroendocrine	0.009484844129104664	0.01534460750543298	0.9113973265941803	1.1994923179726333	-0.006184656915351655	-0.019072612170839772	0.005866253290848973	-0.00357662032729192	-0.007579888214827354	0.00083527807957148
discovery	signature_12	canonical_states	conventional_vs_normal	ABS	Absorptive	0.5409136211605778	0.6429072676345503	-0.1180969936660087	-0.5220658849688669	0.03264627316462302	0.0028272671545700612	0.06393353414411287	0.23911340597386602	0.1335358773666904	0.3391316903565059
discovery	signature_12	canonical_states	conventional_vs_normal	GOB	Goblet	0.22304639710235308	0.16302131937071462	0.7069499213278639	-0.07774219093261238	0.018884121463161395	-0.008249452306827505	0.04848236484223235	0.1514721459574151	0.10232439713886955	0.19869872580537082
discovery	signature_12	canonical_states	conventional_vs_normal	TAC	Transit-amplifying	0.15178329347007372	0.09330764017250709	1.009747639956439	-0.04564408479428	0.028188292617306904	-0.002921080304762826	0.07239861305155666	0.12933347158890368	0.07490363009822104	0.19180187732566376
discovery	signature_12	canonical_states	conventional_vs_normal	STM	Crypt stem	0.047650482155244096	0.04987612040229933	0.3086007369721207	-0.16294913490160215	-0.00016208388815650758	-0.004071469692631016	0.005525555574749844	0.022994328470144546	0.0023395605734569712	0.046118362263728827
discovery	signature_12	canonical_states	conventional_vs_normal	CT	Other colonic epithelium	0.013038076630033011	0.02471272662514283	0.037041711246876156	-0.2120060755159423	0.001021323857229123	-0.00033579447325305983	0.002597432216930122	0.004700876999610072	0.0011196628398208468	0.008349471318009193
discovery	signature_12	canonical_states	conventional_vs_normal	TUF	Tuft	0.018645150898014277	0.01962362233542347	1.2082495068556902	0.5791566157603718	-0.000874462919015066	-0.009742934703569264	0.0075046035222046375	0.012037306596047244	0.006349663969326225	0.018139544056691288
discovery	signature_12	canonical_states	conventional_vs_normal	EE	Enteroendocrine	0.004922978583704033	0.0065513034593623135	1.3714881775914083	0.6575521176368654	-0.0016519683932166099	-0.005206663251866345	0.0016837603462022614	0.004095951856316975	0.0018458596908486882	0.007088971399649896
discovery	signature_12	canonical_states	conventional_vs_serrated	ABS	Absorptive	0.5409136211605778	0.6518560170606543	-0.1180969936660087	-0.38373777490359584	0.02783737578553616	-0.004376258323644744	0.05818503396737773	0.15842412926678115	0.04840383973298602	0.26593906014137425
discovery	signature_12	canonical_states	conventional_vs_serrated	GOB	Goblet	0.22304639710235305	0.1509627625300722	0.7069499213278639	0.23410816390649455	0.03391744356366191	-0.01931481316034218	0.08938034591768929	0.08842357416614272	0.04650553377380264	0.13041762188807235
discovery	signature_12	canonical_states	conventional_vs_serrated	TAC	Transit-amplifying	0.15178329347007372	0.10524934959517528	1.0097476399564391	0.04521962271334896	0.02454589369546558	-0.015308787417493162	0.074299118835319	0.12395759279123775	0.0717533831277107	0.18317118013082348
discovery	signature_12	canonical_states	conventional_vs_serrated	STM	Crypt stem	0.047650482155244096	0.025334875660639498	0.3086007369721207	0.09292967181659373	0.004480197299073337	-0.0027451200093418613	0.01758086419960762	0.00787041493045444	-0.005519149920668529	0.023927048758055538
discovery	signature_12	canonical_states	conventional_vs_serrated	CT	Other colonic epithelium	0.013038076630033011	0.034778110154745356	0.037041711246876156	-0.07087036579608827	0.00036771804199789204	-0.003061231879201132	0.0029541594657089523	0.00257997201610989	-0.0030333783665970632	0.008010324645907438
discovery	signature_12	canonical_states	conventional_vs_serrated	TUF	Tuft	0.018645150898014277	0.010533005792430633	1.2082495068556902	0.4903686483364286	0.006889718476948633	-0.0008585761635650481	0.015603127613355458	0.010473220087473064	0.004291382819025749	0.01720208485750685
discovery	signature_12	canonical_states	conventional_vs_serrated	EE	Enteroendocrine	0.004922978583704033	0.02128587920628273	1.3714881775914083	0.6992113255042226	-0.01694132509418845	-0.034015796589294885	-0.003144679213955045	0.008809804205926508	0.0033801447958943104	0.017747757216537038
