pseudobulk_id	cell_type	library_size	normalization_factor	effective_library_size
HTA11_104_2000001011__ABS	ABS	538565	1.19699620502334	644660.261158396
HTA11_104_2000002011__ABS	ABS	5954336	1.35810369436185	8086605.71907177
HTA11_104_2000002021__ABS	ABS	2285870	1.35653805120933	3100869.63511788
HTA11_1391_2000001011__ABS	ABS	353855	1.44891866569584	512707.1144498
HTA11_1938_2000001011__ABS	ABS	1783142	0.987788271324836	1761366.75370671
HTA11_1938_2000002011__ABS	ABS	1459866	0.785817183286871	1147187.78809627
HTA11_2112_2000002021__ABS	ABS	17691287	0.749272033116276	13255586.5789335
HTA11_2235_2000001011__ABS	ABS	997152	0.961861004361962	959121.624221539
HTA11_2235_2000002021__ABS	ABS	3930005	0.855558168894971	3362347.88154808
HTA11_2487_2000002011__ABS	ABS	2463042	0.847343951296518	2087043.74048928
HTA11_2951_2000001011__ABS	ABS	2185599	0.795972788874985	1739677.33139238
HTA11_2951_2000002011__ABS	ABS	4534477	0.983961593801824	4461751.21597771
HTA11_2951_2000002021__ABS	ABS	4111897	1.08889381197938	4477419.19879658
HTA11_3077_2000002011__ABS	ABS	11275094	0.767329716260932	8651714.67983534
HTA11_3252_2000002011__ABS	ABS	3706539	0.919109219821421	3406714.16852767
HTA11_3252_2000002021__ABS	ABS	4064373	0.914615177359998	3717337.23225219
HTA11_3361_2000001011__ABS	ABS	10428883	1.06889686728365	11147400.3679677
HTA11_3361_2000002011__ABS	ABS	2185932	0.940316352961968	2055467.60606286
HTA11_3361_2000002021__ABS	ABS	5954853	0.984635431861131	5863359.25532455
HTA11_3410_2000001011__ABS	ABS	1183714	0.941699928341214	1114703.38897649
HTA11_3410_2000002021__ABS	ABS	10687749	1.18035718386098	12615361.311453
HTA11_347_2000001011__ABS	ABS	16409307	1.39362091686915	22868353.4665274
HTA11_377_2000001011__ABS	ABS	6156521	1.24073141059363	7638588.98467929
HTA11_392_3000012011__ABS	ABS	5423622	1.37668521461559	7466620.21706382
HTA11_411_2000002011__ABS	ABS	4813471	1.21293185075943	5838412.28860686
HTA11_411_2000002021__ABS	ABS	14170152	1.2328142737419	17469165.6466924
HTA11_5212_2000001011__ABS	ABS	5448947	0.67432272485827	3674348.78864829
HTA11_5212_2000002011__ABS	ABS	2194839	0.799836009474439	1755511.26719887
HTA11_5216_2000002011__ABS	ABS	5193565	0.778644978231916	4043943.30637104
HTA11_5216_2000002021__ABS	ABS	7453197	0.95225933246559	7097376.39995454
HTA11_5363_2000002021__ABS	ABS	2921986	0.577398944290262	1687151.63163092
HTA11_546_2000001011__ABS	ABS	3763890	1.25797759412508	4734889.28675145
HTA11_546_2000002011__ABS	ABS	7042451	1.111180754912	7825436.01861079
HTA11_546_2000002021__ABS	ABS	5001656	1.27794833470251	6391857.95595483
HTA11_6025_2000001011__ABS	ABS	1649642	0.721267543238715	1189833.2325634
HTA11_6025_2000002011__ABS	ABS	4131829	0.697561089540849	2882203.13903648
HTA11_6134_2000002021__ABS	ABS	2723277	0.851881559128641	2319909.45669917
HTA11_6147_2000002011__ABS	ABS	3641054	0.846552049559995	3082341.72625862
HTA11_6147_2000002021__ABS	ABS	7401426	0.863184469527298	6388795.97555555
HTA11_6310_2000002011__ABS	ABS	576540	0.584866229665613	337198.776051413
HTA11_6310_2000002021__ABS	ABS	5341540	0.844599592040775	4511462.50486948
HTA11_696_2000001011__ABS	ABS	13183051	1.13669147219864	14985061.6492597
HTA11_696_2000002011__ABS	ABS	17773535	1.18276553457066	21021924.6254854
HTA11_696_2000002021__ABS	ABS	9290835	1.16807891606686	10852428.4761561
HTA11_78_2000001011__ABS	ABS	2476435	1.27477503692967	3156897.51857893
HTA11_78_2000002011__ABS	ABS	4072382	1.14260828523829	4653137.41385527
HTA11_83_2000002011__ABS	ABS	3902271	1.30508711039052	5092803.58335072
HTA11_83_2000002021__ABS	ABS	3033188	1.18327977934649	3589110.02735641
HTA11_866_2000001011__ABS	ABS	7863929	1.58926294215626	12497850.9394479
HTA11_104_2000002011__GOB	GOB	2589880	1.24279230358861	3218682.93121808
HTA11_104_2000002021__GOB	GOB	239517	1.29993793292575	311357.233880576
HTA11_1391_2000001011__GOB	GOB	454653	1.39388635551953	633734.61319602
HTA11_1938_2000001011__GOB	GOB	689974	1.07151229478345	739315.624080916
HTA11_1938_2000002011__GOB	GOB	583287	0.773201457186042	450998.358357675
HTA11_2112_2000002021__GOB	GOB	2094098	0.626298660300308	1311530.77193755
HTA11_2235_2000001011__GOB	GOB	236529	0.930787319401879	220158.193870807
HTA11_2235_2000002021__GOB	GOB	998511	0.806644826285078	805443.732138739
HTA11_2487_2000002011__GOB	GOB	387443	0.940520378029111	364398.036824733
HTA11_2951_2000001011__GOB	GOB	871765	0.845236317836308	736847.438618569
HTA11_2951_2000002011__GOB	GOB	1042213	0.926043092870615	965134.149949963
HTA11_2951_2000002021__GOB	GOB	1950740	1.05587932189165	2059746.02838693
HTA11_3077_2000002011__GOB	GOB	1343184	0.823638222180646	1106297.68182149
HTA11_3252_2000002011__GOB	GOB	197498	0.974332769051904	192428.773222213
HTA11_3252_2000002021__GOB	GOB	395493	0.957702804376259	378764.75521118
HTA11_3361_2000001011__GOB	GOB	4250619	1.0292501557784	4374950.26790462
HTA11_3361_2000002011__GOB	GOB	877935	0.894906908730204	785670.096916051
HTA11_3361_2000002021__GOB	GOB	342255	0.961673712335332	329137.636415329
HTA11_3410_2000001011__GOB	GOB	2229617	0.884150139699864	1971316.18202719
HTA11_3410_2000002021__GOB	GOB	1989318	1.12809032711629	2244130.39335833
HTA11_347_2000001011__GOB	GOB	424175	1.32994945704391	564131.310941601
HTA11_377_2000001011__GOB	GOB	928303	1.16403334404383	1080575.64537592
HTA11_392_3000012011__GOB	GOB	902224	1.32005849484316	1190988.45545137
HTA11_411_2000002011__GOB	GOB	1814870	1.17907824807777	2139873.74008889
HTA11_411_2000002021__GOB	GOB	3315188	1.17977931384446	3911190.22390539
HTA11_5216_2000002011__GOB	GOB	205722	0.807611816282449	166143.518069258
HTA11_5216_2000002021__GOB	GOB	444575	0.943047357028378	419255.278750891
HTA11_5363_2000002021__GOB	GOB	120871	0.68659327349734	82989.2155608969
HTA11_546_2000001011__GOB	GOB	1174290	1.11245418663078	1306343.82681866
HTA11_546_2000002011__GOB	GOB	1100406	1.01365370842249	1115430.62267036
HTA11_546_2000002021__GOB	GOB	3762644	1.09312029485354	4113022.51870889
HTA11_6025_2000002011__GOB	GOB	402818	0.689345214873562	277680.660764939
HTA11_6134_2000002021__GOB	GOB	123574	0.828879571543293	102427.964173891
HTA11_6147_2000002011__GOB	GOB	165249	0.815121473974601	134698.008452829
HTA11_6147_2000002021__GOB	GOB	353518	0.822713262877801	290843.947266035
HTA11_6310_2000002021__GOB	GOB	457970	0.77433155516825	354620.622320403
HTA11_696_2000001011__GOB	GOB	8204657	1.03832556798369	8519105.13963638
HTA11_696_2000002011__GOB	GOB	697713	1.1408922655841	796015.365297477
HTA11_696_2000002021__GOB	GOB	6010269	1.05696260048444	6352629.55185101
HTA11_78_2000001011__GOB	GOB	2508036	1.33423324490256	3346305.01061244
HTA11_78_2000002011__GOB	GOB	540992	1.14194850366758	617785.004896129
HTA11_83_2000002011__GOB	GOB	1254114	1.3103724538968	1643356.43964633
HTA11_83_2000002021__GOB	GOB	2410786	1.12070785684234	2701786.81136552
HTA11_866_2000001011__GOB	GOB	3289969	1.41789052456016	4664815.87119666
HTA11_104_2000002011__TAC	TAC	701421	1.2781584453845	896527.174920043
HTA11_1391_2000001011__TAC	TAC	2150815	1.41169848257579	3036302.27180124
HTA11_1938_2000001011__TAC	TAC	2155710	0.928490837868053	2001556.98410054
HTA11_2235_2000001011__TAC	TAC	593031	0.905779748214088	537155.469863149
HTA11_2235_2000002021__TAC	TAC	1340323	0.792754351367735	1062546.89048826
HTA11_2487_2000002011__TAC	TAC	718436	0.847079475945815	608572.390380607
HTA11_2951_2000001011__TAC	TAC	633356	0.869415941616283	550649.803118322
HTA11_2951_2000002011__TAC	TAC	381386	0.982142065748468	374575.233887545
HTA11_2951_2000002021__TAC	TAC	513717	1.01615394889788	522015.558165971
HTA11_3077_2000002011__TAC	TAC	369102	0.80606245593024	297519.264608763
HTA11_3252_2000002011__TAC	TAC	1172257	0.915614470340853	1073335.47215836
HTA11_3252_2000002021__TAC	TAC	1008368	0.98202619954064	990243.794778396
HTA11_3361_2000001011__TAC	TAC	1543283	1.02264737784701	1578234.31322586
HTA11_3361_2000002011__TAC	TAC	552232	0.884244475036772	488308.094938507
HTA11_3361_2000002021__TAC	TAC	676316	0.956698839766312	647030.732515393
HTA11_3410_2000001011__TAC	TAC	1038556	0.914848266287697	950121.156042686
HTA11_3410_2000002021__TAC	TAC	2588350	1.05366125214006	2727244.10197671
HTA11_347_2000001011__TAC	TAC	1287252	1.27908612338084	1646506.17049424
HTA11_377_2000001011__TAC	TAC	277820	1.28195139442194	356151.736398304
HTA11_392_3000012011__TAC	TAC	722317	1.06376375645387	768374.645270487
HTA11_411_2000002011__TAC	TAC	988464	1.05391590637755	1041757.93248158
HTA11_411_2000002021__TAC	TAC	2790451	1.19961656066712	3347471.23133012
HTA11_5212_2000002011__TAC	TAC	142990	0.844499727289812	120755.01600517
HTA11_5216_2000002011__TAC	TAC	529044	0.731601187626848	387049.218706858
HTA11_5216_2000002021__TAC	TAC	739006	0.893760636559916	660494.472981598
HTA11_546_2000001011__TAC	TAC	815871	1.13607797140916	926893.070611564
HTA11_546_2000002011__TAC	TAC	897897	1.14447212914195	1027618.09134017
HTA11_546_2000002021__TAC	TAC	1878682	1.15008179209474	2160637.96133614
HTA11_6025_2000002011__TAC	TAC	665648	0.684849357105907	455868.604858833
HTA11_6134_2000002021__TAC	TAC	472892	0.757913560926781	358411.259653788
HTA11_6147_2000002011__TAC	TAC	815260	0.789442511545666	643600.901962719
HTA11_6147_2000002021__TAC	TAC	418573	0.835255929113261	349615.580016725
HTA11_6310_2000002021__TAC	TAC	489766	0.824182226681472	403656.432432878
HTA11_696_2000001011__TAC	TAC	3711253	1.07294632613303	3981975.27170018
HTA11_696_2000002011__TAC	TAC	5407485	1.17752008232793	6367422.18238702
HTA11_696_2000002021__TAC	TAC	2803333	1.14200702033356	3201425.96633273
HTA11_78_2000001011__TAC	TAC	835034	1.26475312599493	1056111.86181205
HTA11_78_2000002011__TAC	TAC	837428	1.04904845596256	878502.550379813
HTA11_83_2000002011__TAC	TAC	1138237	1.2682243552124	1443539.8854039
HTA11_83_2000002021__TAC	TAC	898718	1.10030379637952	988862.827274613
HTA11_866_2000001011__TAC	TAC	558025	1.36368975813888	760972.977285451
