collection	from	to	jaccard
GO:BP 2026.1.Hs	GOBP_ATP_SYNTHESIS_COUPLED_ELECTRON_TRANSPORT	GOBP_OXIDATIVE_PHOSPHORYLATION	0.680672268907563
GO:BP 2026.1.Hs	GOBP_ATP_SYNTHESIS_COUPLED_ELECTRON_TRANSPORT	GOBP_PROTON_MOTIVE_FORCE_DRIVEN_ATP_SYNTHESIS	0.401869158878505
GO:BP 2026.1.Hs	GOBP_ATP_SYNTHESIS_COUPLED_ELECTRON_TRANSPORT	GOBP_ELECTRON_TRANSPORT_CHAIN	0.835051546391753
GO:BP 2026.1.Hs	GOBP_ATP_SYNTHESIS_COUPLED_ELECTRON_TRANSPORT	GOBP_PROTON_TRANSMEMBRANE_TRANSPORT	0.376712328767123
GO:BP 2026.1.Hs	GOBP_ATP_SYNTHESIS_COUPLED_ELECTRON_TRANSPORT	GOBP_MITOCHONDRIAL_ELECTRON_TRANSPORT_NADH_TO_UBIQUINONE	0.555555555555556
GO:BP 2026.1.Hs	GOBP_ATP_SYNTHESIS_COUPLED_ELECTRON_TRANSPORT	GOBP_ATP_BIOSYNTHETIC_PROCESS	0.341269841269841
GO:BP 2026.1.Hs	GOBP_ATP_SYNTHESIS_COUPLED_ELECTRON_TRANSPORT	GOBP_CELLULAR_RESPIRATION	0.346153846153846
GO:BP 2026.1.Hs	GOBP_ATP_SYNTHESIS_COUPLED_ELECTRON_TRANSPORT	GOBP_GENERATION_OF_PRECURSOR_METABOLITES_AND_ENERGY	0.263843648208469
GO:BP 2026.1.Hs	GOBP_ATP_SYNTHESIS_COUPLED_ELECTRON_TRANSPORT	GOBP_NUCLEOSIDE_TRIPHOSPHATE_BIOSYNTHETIC_PROCESS	0.304964539007092
GO:BP 2026.1.Hs	GOBP_ATP_SYNTHESIS_COUPLED_ELECTRON_TRANSPORT	GOBP_RIBOSE_PHOSPHATE_BIOSYNTHETIC_PROCESS	0.259036144578313
GO:BP 2026.1.Hs	GOBP_OXIDATIVE_PHOSPHORYLATION	GOBP_PROTON_MOTIVE_FORCE_DRIVEN_ATP_SYNTHESIS	0.516129032258065
GO:BP 2026.1.Hs	GOBP_OXIDATIVE_PHOSPHORYLATION	GOBP_ELECTRON_TRANSPORT_CHAIN	0.6
GO:BP 2026.1.Hs	GOBP_OXIDATIVE_PHOSPHORYLATION	GOBP_PROTON_TRANSMEMBRANE_TRANSPORT	0.414201183431953
GO:BP 2026.1.Hs	GOBP_OXIDATIVE_PHOSPHORYLATION	GOBP_MITOCHONDRIAL_ELECTRON_TRANSPORT_NADH_TO_UBIQUINONE	0.378151260504202
GO:BP 2026.1.Hs	GOBP_OXIDATIVE_PHOSPHORYLATION	GOBP_ATP_BIOSYNTHETIC_PROCESS	0.468085106382979
GO:BP 2026.1.Hs	GOBP_OXIDATIVE_PHOSPHORYLATION	GOBP_CELLULAR_RESPIRATION	0.508547008547009
GO:BP 2026.1.Hs	GOBP_OXIDATIVE_PHOSPHORYLATION	GOBP_GENERATION_OF_PRECURSOR_METABOLITES_AND_ENERGY	0.387622149837134
GO:BP 2026.1.Hs	GOBP_OXIDATIVE_PHOSPHORYLATION	GOBP_NUCLEOSIDE_TRIPHOSPHATE_BIOSYNTHETIC_PROCESS	0.423076923076923
GO:BP 2026.1.Hs	GOBP_OXIDATIVE_PHOSPHORYLATION	GOBP_RIBOSE_PHOSPHATE_BIOSYNTHETIC_PROCESS	0.364640883977901
GO:BP 2026.1.Hs	GOBP_OXIDATIVE_PHOSPHORYLATION	GOBP_PURINE_CONTAINING_COMPOUND_BIOSYNTHETIC_PROCESS	0.291845493562232
GO:BP 2026.1.Hs	GOBP_OXIDATIVE_PHOSPHORYLATION	GOBP_ATP_METABOLIC_PROCESS	0.32093023255814
GO:BP 2026.1.Hs	GOBP_OXIDATIVE_PHOSPHORYLATION	GOBP_NUCLEOTIDE_BIOSYNTHETIC_PROCESS	0.326829268292683
GO:BP 2026.1.Hs	GOBP_OXIDATIVE_PHOSPHORYLATION	GOBP_NUCLEOSIDE_PHOSPHATE_BIOSYNTHETIC_PROCESS	0.25
GO:BP 2026.1.Hs	GOBP_OXIDATIVE_PHOSPHORYLATION	GOBP_NUCLEOSIDE_TRIPHOSPHATE_METABOLIC_PROCESS	0.288065843621399
GO:BP 2026.1.Hs	GOBP_PROTON_MOTIVE_FORCE_DRIVEN_ATP_SYNTHESIS	GOBP_ELECTRON_TRANSPORT_CHAIN	0.349593495934959
GO:BP 2026.1.Hs	GOBP_PROTON_MOTIVE_FORCE_DRIVEN_ATP_SYNTHESIS	GOBP_PROTON_TRANSMEMBRANE_TRANSPORT	0.41044776119403
GO:BP 2026.1.Hs	GOBP_PROTON_MOTIVE_FORCE_DRIVEN_ATP_SYNTHESIS	GOBP_MITOCHONDRIAL_ELECTRON_TRANSPORT_NADH_TO_UBIQUINONE	0.5
GO:BP 2026.1.Hs	GOBP_PROTON_MOTIVE_FORCE_DRIVEN_ATP_SYNTHESIS	GOBP_ATP_BIOSYNTHETIC_PROCESS	0.784090909090909
GO:BP 2026.1.Hs	GOBP_PROTON_MOTIVE_FORCE_DRIVEN_ATP_SYNTHESIS	GOBP_CELLULAR_RESPIRATION	0.267782426778243
GO:BP 2026.1.Hs	GOBP_PROTON_MOTIVE_FORCE_DRIVEN_ATP_SYNTHESIS	GOBP_NUCLEOSIDE_TRIPHOSPHATE_BIOSYNTHETIC_PROCESS	0.669902912621359
GO:BP 2026.1.Hs	GOBP_PROTON_MOTIVE_FORCE_DRIVEN_ATP_SYNTHESIS	GOBP_RIBOSE_PHOSPHATE_BIOSYNTHETIC_PROCESS	0.5390625
GO:BP 2026.1.Hs	GOBP_PROTON_MOTIVE_FORCE_DRIVEN_ATP_SYNTHESIS	GOBP_PURINE_CONTAINING_COMPOUND_BIOSYNTHETIC_PROCESS	0.379120879120879
GO:BP 2026.1.Hs	GOBP_PROTON_MOTIVE_FORCE_DRIVEN_ATP_SYNTHESIS	GOBP_ATP_METABOLIC_PROCESS	0.418181818181818
GO:BP 2026.1.Hs	GOBP_PROTON_MOTIVE_FORCE_DRIVEN_ATP_SYNTHESIS	GOBP_NUCLEOTIDE_BIOSYNTHETIC_PROCESS	0.450980392156863
GO:BP 2026.1.Hs	GOBP_PROTON_MOTIVE_FORCE_DRIVEN_ATP_SYNTHESIS	GOBP_NUCLEOSIDE_PHOSPHATE_BIOSYNTHETIC_PROCESS	0.312217194570136
GO:BP 2026.1.Hs	GOBP_PROTON_MOTIVE_FORCE_DRIVEN_ATP_SYNTHESIS	GOBP_NUCLEOSIDE_TRIPHOSPHATE_METABOLIC_PROCESS	0.355670103092784
GO:BP 2026.1.Hs	GOBP_ELECTRON_TRANSPORT_CHAIN	GOBP_PROTON_TRANSMEMBRANE_TRANSPORT	0.339506172839506
GO:BP 2026.1.Hs	GOBP_ELECTRON_TRANSPORT_CHAIN	GOBP_MITOCHONDRIAL_ELECTRON_TRANSPORT_NADH_TO_UBIQUINONE	0.463917525773196
GO:BP 2026.1.Hs	GOBP_ELECTRON_TRANSPORT_CHAIN	GOBP_ATP_BIOSYNTHETIC_PROCESS	0.302816901408451
GO:BP 2026.1.Hs	GOBP_ELECTRON_TRANSPORT_CHAIN	GOBP_CELLULAR_RESPIRATION	0.379166666666667
GO:BP 2026.1.Hs	GOBP_ELECTRON_TRANSPORT_CHAIN	GOBP_GENERATION_OF_PRECURSOR_METABOLITES_AND_ENERGY	0.315960912052117
GO:BP 2026.1.Hs	GOBP_ELECTRON_TRANSPORT_CHAIN	GOBP_NUCLEOSIDE_TRIPHOSPHATE_BIOSYNTHETIC_PROCESS	0.273885350318471
GO:BP 2026.1.Hs	GOBP_PROTON_TRANSMEMBRANE_TRANSPORT	GOBP_MITOCHONDRIAL_ELECTRON_TRANSPORT_NADH_TO_UBIQUINONE	0.2890625
GO:BP 2026.1.Hs	GOBP_PROTON_TRANSMEMBRANE_TRANSPORT	GOBP_ATP_BIOSYNTHETIC_PROCESS	0.377483443708609
GO:BP 2026.1.Hs	GOBP_PROTON_TRANSMEMBRANE_TRANSPORT	GOBP_CELLULAR_RESPIRATION	0.264285714285714
GO:BP 2026.1.Hs	GOBP_PROTON_TRANSMEMBRANE_TRANSPORT	GOBP_NUCLEOSIDE_TRIPHOSPHATE_BIOSYNTHETIC_PROCESS	0.343373493975904
GO:BP 2026.1.Hs	GOBP_PROTON_TRANSMEMBRANE_TRANSPORT	GOBP_RIBOSE_PHOSPHATE_BIOSYNTHETIC_PROCESS	0.298429319371728
GO:BP 2026.1.Hs	GOBP_PROTON_TRANSMEMBRANE_TRANSPORT	GOBP_ATP_METABOLIC_PROCESS	0.272321428571429
GO:BP 2026.1.Hs	GOBP_PROTON_TRANSMEMBRANE_TRANSPORT	GOBP_NUCLEOTIDE_BIOSYNTHETIC_PROCESS	0.263888888888889
GO:BP 2026.1.Hs	GOBP_NEGATIVE_REGULATION_OF_SYNCYTIUM_FORMATION_BY_PLASMA_MEMBRANE_FUSION	GOBP_CYTOPLASMIC_TRANSLATION	0.287581699346405
GO:BP 2026.1.Hs	GOBP_NEGATIVE_REGULATION_OF_SYNCYTIUM_FORMATION_BY_PLASMA_MEMBRANE_FUSION	GOBP_REGULATION_OF_SYNCYTIUM_FORMATION_BY_PLASMA_MEMBRANE_FUSION	0.882352941176471
GO:BP 2026.1.Hs	GOBP_NEGATIVE_REGULATION_OF_SYNCYTIUM_FORMATION_BY_PLASMA_MEMBRANE_FUSION	GOBP_MYOBLAST_FUSION	0.76271186440678
GO:BP 2026.1.Hs	GOBP_NEGATIVE_REGULATION_OF_SYNCYTIUM_FORMATION_BY_PLASMA_MEMBRANE_FUSION	GOBP_SYNCYTIUM_FORMATION	0.703125
GO:BP 2026.1.Hs	GOBP_NEGATIVE_REGULATION_OF_SYNCYTIUM_FORMATION_BY_PLASMA_MEMBRANE_FUSION	GOBP_STRIATED_MUSCLE_CONTRACTION	0.4
GO:BP 2026.1.Hs	GOBP_CYTOPLASMIC_TRANSLATION	GOBP_REGULATION_OF_SYNCYTIUM_FORMATION_BY_PLASMA_MEMBRANE_FUSION	0.276729559748428
GO:BP 2026.1.Hs	GOBP_CYTOPLASMIC_TRANSLATION	GOBP_MYOBLAST_FUSION	0.263473053892216
GO:BP 2026.1.Hs	GOBP_CYTOPLASMIC_TRANSLATION	GOBP_SYNCYTIUM_FORMATION	0.255813953488372
GO:BP 2026.1.Hs	GOBP_MITOCHONDRIAL_ELECTRON_TRANSPORT_NADH_TO_UBIQUINONE	GOBP_ATP_BIOSYNTHETIC_PROCESS	0.4
GO:BP 2026.1.Hs	GOBP_MITOCHONDRIAL_ELECTRON_TRANSPORT_NADH_TO_UBIQUINONE	GOBP_NUCLEOSIDE_TRIPHOSPHATE_BIOSYNTHETIC_PROCESS	0.345454545454545
GO:BP 2026.1.Hs	GOBP_MITOCHONDRIAL_ELECTRON_TRANSPORT_NADH_TO_UBIQUINONE	GOBP_RIBOSE_PHOSPHATE_BIOSYNTHETIC_PROCESS	0.281481481481481
GO:BP 2026.1.Hs	GOBP_ATP_BIOSYNTHETIC_PROCESS	GOBP_CELLULAR_RESPIRATION	0.288
GO:BP 2026.1.Hs	GOBP_ATP_BIOSYNTHETIC_PROCESS	GOBP_NUCLEOSIDE_TRIPHOSPHATE_BIOSYNTHETIC_PROCESS	0.854368932038835
GO:BP 2026.1.Hs	GOBP_ATP_BIOSYNTHETIC_PROCESS	GOBP_RIBOSE_PHOSPHATE_BIOSYNTHETIC_PROCESS	0.6875
GO:BP 2026.1.Hs	GOBP_ATP_BIOSYNTHETIC_PROCESS	GOBP_PURINE_CONTAINING_COMPOUND_BIOSYNTHETIC_PROCESS	0.483516483516484
GO:BP 2026.1.Hs	GOBP_ATP_BIOSYNTHETIC_PROCESS	GOBP_ATP_METABOLIC_PROCESS	0.533333333333333
GO:BP 2026.1.Hs	GOBP_ATP_BIOSYNTHETIC_PROCESS	GOBP_NUCLEOTIDE_BIOSYNTHETIC_PROCESS	0.57516339869281
GO:BP 2026.1.Hs	GOBP_ATP_BIOSYNTHETIC_PROCESS	GOBP_NUCLEOSIDE_PHOSPHATE_BIOSYNTHETIC_PROCESS	0.398190045248869
GO:BP 2026.1.Hs	GOBP_ATP_BIOSYNTHETIC_PROCESS	GOBP_NUCLEOSIDE_TRIPHOSPHATE_METABOLIC_PROCESS	0.45360824742268
GO:BP 2026.1.Hs	GOBP_CELLULAR_RESPIRATION	GOBP_GENERATION_OF_PRECURSOR_METABOLITES_AND_ENERGY	0.762214983713355
GO:BP 2026.1.Hs	GOBP_CELLULAR_RESPIRATION	GOBP_NUCLEOSIDE_TRIPHOSPHATE_BIOSYNTHETIC_PROCESS	0.271698113207547
GO:BP 2026.1.Hs	GOBP_CELLULAR_RESPIRATION	GOBP_RIBOSE_PHOSPHATE_BIOSYNTHETIC_PROCESS	0.252595155709343
GO:BP 2026.1.Hs	GOBP_CELLULAR_RESPIRATION	GOBP_PURINE_CONTAINING_COMPOUND_BIOSYNTHETIC_PROCESS	0.276073619631902
GO:BP 2026.1.Hs	GOBP_CELLULAR_RESPIRATION	GOBP_ATP_METABOLIC_PROCESS	0.456204379562044
GO:BP 2026.1.Hs	GOBP_CELLULAR_RESPIRATION	GOBP_NUCLEOSIDE_PHOSPHATE_BIOSYNTHETIC_PROCESS	0.25
GO:BP 2026.1.Hs	GOBP_CELLULAR_RESPIRATION	GOBP_NUCLEOSIDE_TRIPHOSPHATE_METABOLIC_PROCESS	0.417218543046358
GO:BP 2026.1.Hs	GOBP_REGULATION_OF_SYNCYTIUM_FORMATION_BY_PLASMA_MEMBRANE_FUSION	GOBP_MYOBLAST_FUSION	0.833333333333333
GO:BP 2026.1.Hs	GOBP_REGULATION_OF_SYNCYTIUM_FORMATION_BY_PLASMA_MEMBRANE_FUSION	GOBP_SYNCYTIUM_FORMATION	0.796875
GO:BP 2026.1.Hs	GOBP_REGULATION_OF_SYNCYTIUM_FORMATION_BY_PLASMA_MEMBRANE_FUSION	GOBP_STRIATED_MUSCLE_CONTRACTION	0.379310344827586
GO:BP 2026.1.Hs	GOBP_SUBSTANTIA_NIGRA_DEVELOPMENT	GOBP_NEURAL_NUCLEUS_DEVELOPMENT	0.771428571428571
GO:BP 2026.1.Hs	GOBP_SUBSTANTIA_NIGRA_DEVELOPMENT	GOBP_MIDBRAIN_DEVELOPMENT	0.613636363636364
GO:BP 2026.1.Hs	GOBP_MYOBLAST_FUSION	GOBP_SYNCYTIUM_FORMATION	0.921875
GO:BP 2026.1.Hs	GOBP_MYOBLAST_FUSION	GOBP_STRIATED_MUSCLE_CONTRACTION	0.354838709677419
GO:BP 2026.1.Hs	GOBP_GENERATION_OF_PRECURSOR_METABOLITES_AND_ENERGY	GOBP_ATP_METABOLIC_PROCESS	0.368115942028986
GO:BP 2026.1.Hs	GOBP_GENERATION_OF_PRECURSOR_METABOLITES_AND_ENERGY	GOBP_NUCLEOSIDE_TRIPHOSPHATE_METABOLIC_PROCESS	0.343163538873995
GO:BP 2026.1.Hs	GOBP_NEURAL_NUCLEUS_DEVELOPMENT	GOBP_MIDBRAIN_DEVELOPMENT	0.519230769230769
GO:BP 2026.1.Hs	GOBP_NUCLEOSIDE_TRIPHOSPHATE_BIOSYNTHETIC_PROCESS	GOBP_RIBOSE_PHOSPHATE_BIOSYNTHETIC_PROCESS	0.763358778625954
GO:BP 2026.1.Hs	GOBP_NUCLEOSIDE_TRIPHOSPHATE_BIOSYNTHETIC_PROCESS	GOBP_PURINE_CONTAINING_COMPOUND_BIOSYNTHETIC_PROCESS	0.507936507936508
GO:BP 2026.1.Hs	GOBP_NUCLEOSIDE_TRIPHOSPHATE_BIOSYNTHETIC_PROCESS	GOBP_ATP_METABOLIC_PROCESS	0.488888888888889
GO:BP 2026.1.Hs	GOBP_NUCLEOSIDE_TRIPHOSPHATE_BIOSYNTHETIC_PROCESS	GOBP_NUCLEOTIDE_BIOSYNTHETIC_PROCESS	0.673202614379085
GO:BP 2026.1.Hs	GOBP_NUCLEOSIDE_TRIPHOSPHATE_BIOSYNTHETIC_PROCESS	GOBP_NUCLEOSIDE_PHOSPHATE_BIOSYNTHETIC_PROCESS	0.46606334841629
GO:BP 2026.1.Hs	GOBP_NUCLEOSIDE_TRIPHOSPHATE_BIOSYNTHETIC_PROCESS	GOBP_NUCLEOSIDE_TRIPHOSPHATE_METABOLIC_PROCESS	0.530927835051546
GO:BP 2026.1.Hs	GOBP_SYNCYTIUM_FORMATION	GOBP_STRIATED_MUSCLE_CONTRACTION	0.341085271317829
GO:BP 2026.1.Hs	GOBP_AORTA_DEVELOPMENT	GOBP_AORTA_MORPHOGENESIS	0.484848484848485
GO:BP 2026.1.Hs	GOBP_AORTA_DEVELOPMENT	GOBP_ARTERY_DEVELOPMENT	0.673469387755102
GO:BP 2026.1.Hs	GOBP_RIBOSE_PHOSPHATE_BIOSYNTHETIC_PROCESS	GOBP_PURINE_CONTAINING_COMPOUND_BIOSYNTHETIC_PROCESS	0.631578947368421
GO:BP 2026.1.Hs	GOBP_RIBOSE_PHOSPHATE_BIOSYNTHETIC_PROCESS	GOBP_ATP_METABOLIC_PROCESS	0.443349753694581
GO:BP 2026.1.Hs	GOBP_RIBOSE_PHOSPHATE_BIOSYNTHETIC_PROCESS	GOBP_NUCLEOTIDE_BIOSYNTHETIC_PROCESS	0.836601307189543
GO:BP 2026.1.Hs	GOBP_RIBOSE_PHOSPHATE_BIOSYNTHETIC_PROCESS	GOBP_NUCLEOSIDE_PHOSPHATE_BIOSYNTHETIC_PROCESS	0.579185520361991
GO:BP 2026.1.Hs	GOBP_RIBOSE_PHOSPHATE_BIOSYNTHETIC_PROCESS	GOBP_NUCLEOSIDE_TRIPHOSPHATE_METABOLIC_PROCESS	0.470319634703196
GO:BP 2026.1.Hs	GOBP_PURINE_CONTAINING_COMPOUND_BIOSYNTHETIC_PROCESS	GOBP_ATP_METABOLIC_PROCESS	0.376984126984127
GO:BP 2026.1.Hs	GOBP_PURINE_CONTAINING_COMPOUND_BIOSYNTHETIC_PROCESS	GOBP_NUCLEOTIDE_BIOSYNTHETIC_PROCESS	0.658415841584158
GO:BP 2026.1.Hs	GOBP_PURINE_CONTAINING_COMPOUND_BIOSYNTHETIC_PROCESS	GOBP_NUCLEOSIDE_PHOSPHATE_BIOSYNTHETIC_PROCESS	0.799107142857143
GO:BP 2026.1.Hs	GOBP_PURINE_CONTAINING_COMPOUND_BIOSYNTHETIC_PROCESS	GOBP_NUCLEOSIDE_TRIPHOSPHATE_METABOLIC_PROCESS	0.387453874538745
GO:BP 2026.1.Hs	GOBP_ATP_METABOLIC_PROCESS	GOBP_NUCLEOTIDE_BIOSYNTHETIC_PROCESS	0.407079646017699
GO:BP 2026.1.Hs	GOBP_ATP_METABOLIC_PROCESS	GOBP_NUCLEOSIDE_PHOSPHATE_BIOSYNTHETIC_PROCESS	0.326460481099656
GO:BP 2026.1.Hs	GOBP_ATP_METABOLIC_PROCESS	GOBP_NUCLEOSIDE_TRIPHOSPHATE_METABOLIC_PROCESS	0.850515463917526
GO:BP 2026.1.Hs	GOBP_NUCLEOTIDE_BIOSYNTHETIC_PROCESS	GOBP_NUCLEOSIDE_PHOSPHATE_BIOSYNTHETIC_PROCESS	0.692307692307692
GO:BP 2026.1.Hs	GOBP_NUCLEOTIDE_BIOSYNTHETIC_PROCESS	GOBP_NUCLEOSIDE_TRIPHOSPHATE_METABOLIC_PROCESS	0.464135021097046
GO:BP 2026.1.Hs	GOBP_MITOCHONDRIAL_GENE_EXPRESSION	GOBP_MITOCHONDRIAL_TRANSLATION	0.801526717557252
GO:BP 2026.1.Hs	GOBP_AORTA_MORPHOGENESIS	GOBP_ARTERY_DEVELOPMENT	0.326530612244898
GO:BP 2026.1.Hs	GOBP_NUCLEOSIDE_PHOSPHATE_BIOSYNTHETIC_PROCESS	GOBP_NUCLEOSIDE_TRIPHOSPHATE_METABOLIC_PROCESS	0.374172185430464
Hallmark 2026.1.Hs	HALLMARK_BILE_ACID_METABOLISM	HALLMARK_PEROXISOME	0.319148936170213
Reactome 2026.1.Hs	REACTOME_SRP_DEPENDENT_COTRANSLATIONAL_PROTEIN_TARGETING_TO_MEMBRANE	REACTOME_EUKARYOTIC_TRANSLATION_ELONGATION	0.75
Reactome 2026.1.Hs	REACTOME_SRP_DEPENDENT_COTRANSLATIONAL_PROTEIN_TARGETING_TO_MEMBRANE	REACTOME_RESPONSE_OF_EIF2AK4_GCN2_TO_AMINO_ACID_DEFICIENCY	0.705882352941177
Reactome 2026.1.Hs	REACTOME_SRP_DEPENDENT_COTRANSLATIONAL_PROTEIN_TARGETING_TO_MEMBRANE	REACTOME_REGULATION_OF_EXPRESSION_OF_SLITS_AND_ROBOS	0.521739130434783
Reactome 2026.1.Hs	REACTOME_SRP_DEPENDENT_COTRANSLATIONAL_PROTEIN_TARGETING_TO_MEMBRANE	REACTOME_SELENOAMINO_ACID_METABOLISM	0.641221374045801
Reactome 2026.1.Hs	REACTOME_SRP_DEPENDENT_COTRANSLATIONAL_PROTEIN_TARGETING_TO_MEMBRANE	REACTOME_NONSENSE_MEDIATED_DECAY_NMD	0.631578947368421
Reactome 2026.1.Hs	REACTOME_SRP_DEPENDENT_COTRANSLATIONAL_PROTEIN_TARGETING_TO_MEMBRANE	REACTOME_EUKARYOTIC_TRANSLATION_INITIATION	0.60431654676259
Reactome 2026.1.Hs	REACTOME_SRP_DEPENDENT_COTRANSLATIONAL_PROTEIN_TARGETING_TO_MEMBRANE	REACTOME_RIBOSOME_ASSOCIATED_QUALITY_CONTROL	0.535031847133758
Reactome 2026.1.Hs	REACTOME_SRP_DEPENDENT_COTRANSLATIONAL_PROTEIN_TARGETING_TO_MEMBRANE	REACTOME_SARS_COV_1_MODULATES_HOST_TRANSLATION_MACHINERY	0.309090909090909
Reactome 2026.1.Hs	REACTOME_SRP_DEPENDENT_COTRANSLATIONAL_PROTEIN_TARGETING_TO_MEMBRANE	REACTOME_SARS_COV_2_MODULATES_HOST_TRANSLATION_MACHINERY	0.288135593220339
Reactome 2026.1.Hs	REACTOME_SRP_DEPENDENT_COTRANSLATIONAL_PROTEIN_TARGETING_TO_MEMBRANE	REACTOME_CELLULAR_RESPONSE_TO_STARVATION	0.538461538461538
Reactome 2026.1.Hs	REACTOME_SRP_DEPENDENT_COTRANSLATIONAL_PROTEIN_TARGETING_TO_MEMBRANE	REACTOME_TRANSLATION	0.329268292682927
Reactome 2026.1.Hs	REACTOME_SRP_DEPENDENT_COTRANSLATIONAL_PROTEIN_TARGETING_TO_MEMBRANE	REACTOME_METABOLISM_OF_AMINO_ACIDS_AND_DERIVATIVES	0.329411764705882
Reactome 2026.1.Hs	REACTOME_SRP_DEPENDENT_COTRANSLATIONAL_PROTEIN_TARGETING_TO_MEMBRANE	REACTOME_SIGNALING_BY_ROBO_RECEPTORS	0.444444444444444
Reactome 2026.1.Hs	REACTOME_SRP_DEPENDENT_COTRANSLATIONAL_PROTEIN_TARGETING_TO_MEMBRANE	REACTOME_RIBOSOME_QUALITY_CONTROL_RQC_COMPLEX_EXTRACTS_AND_DEGRADES_NASCENT_PEPTIDE	0.335526315789474
Reactome 2026.1.Hs	REACTOME_SRP_DEPENDENT_COTRANSLATIONAL_PROTEIN_TARGETING_TO_MEMBRANE	REACTOME_INFLUENZA_VIRAL_RNA_TRANSCRIPTION_AND_REPLICATION	0.541935483870968
Reactome 2026.1.Hs	REACTOME_SRP_DEPENDENT_COTRANSLATIONAL_PROTEIN_TARGETING_TO_MEMBRANE	REACTOME_ACTIVATION_OF_THE_MRNA_UPON_BINDING_OF_THE_CAP_BINDING_COMPLEX_AND_EIFS_AND_SUBSEQUENT_BINDING_TO_43S	0.255639097744361
Reactome 2026.1.Hs	REACTOME_SRP_DEPENDENT_COTRANSLATIONAL_PROTEIN_TARGETING_TO_MEMBRANE	REACTOME_INFLUENZA_INFECTION	0.491228070175439
Reactome 2026.1.Hs	REACTOME_SRP_DEPENDENT_COTRANSLATIONAL_PROTEIN_TARGETING_TO_MEMBRANE	REACTOME_RRNA_PROCESSING	0.446808510638298
Reactome 2026.1.Hs	REACTOME_EUKARYOTIC_TRANSLATION_ELONGATION	REACTOME_RESPONSE_OF_EIF2AK4_GCN2_TO_AMINO_ACID_DEFICIENCY	0.848484848484849
Reactome 2026.1.Hs	REACTOME_EUKARYOTIC_TRANSLATION_ELONGATION	REACTOME_REGULATION_OF_EXPRESSION_OF_SLITS_AND_ROBOS	0.595744680851064
Reactome 2026.1.Hs	REACTOME_EUKARYOTIC_TRANSLATION_ELONGATION	REACTOME_SELENOAMINO_ACID_METABOLISM	0.756756756756757
Reactome 2026.1.Hs	REACTOME_EUKARYOTIC_TRANSLATION_ELONGATION	REACTOME_NONSENSE_MEDIATED_DECAY_NMD	0.743362831858407
Reactome 2026.1.Hs	REACTOME_EUKARYOTIC_TRANSLATION_ELONGATION	REACTOME_EUKARYOTIC_TRANSLATION_INITIATION	0.705882352941177
Reactome 2026.1.Hs	REACTOME_EUKARYOTIC_TRANSLATION_ELONGATION	REACTOME_RIBOSOME_ASSOCIATED_QUALITY_CONTROL	0.613138686131387
Reactome 2026.1.Hs	REACTOME_EUKARYOTIC_TRANSLATION_ELONGATION	REACTOME_SARS_COV_1_MODULATES_HOST_TRANSLATION_MACHINERY	0.393258426966292
Reactome 2026.1.Hs	REACTOME_EUKARYOTIC_TRANSLATION_ELONGATION	REACTOME_SARS_COV_2_MODULATES_HOST_TRANSLATION_MACHINERY	0.346938775510204
Reactome 2026.1.Hs	REACTOME_EUKARYOTIC_TRANSLATION_ELONGATION	REACTOME_CELLULAR_RESPONSE_TO_STARVATION	0.617647058823529
Reactome 2026.1.Hs	REACTOME_EUKARYOTIC_TRANSLATION_ELONGATION	REACTOME_TRANSLATION	0.268292682926829
Reactome 2026.1.Hs	REACTOME_EUKARYOTIC_TRANSLATION_ELONGATION	REACTOME_METABOLISM_OF_AMINO_ACIDS_AND_DERIVATIVES	0.357446808510638
Reactome 2026.1.Hs	REACTOME_EUKARYOTIC_TRANSLATION_ELONGATION	REACTOME_SIGNALING_BY_ROBO_RECEPTORS	0.497041420118343
Reactome 2026.1.Hs	REACTOME_EUKARYOTIC_TRANSLATION_ELONGATION	REACTOME_RIBOSOME_QUALITY_CONTROL_RQC_COMPLEX_EXTRACTS_AND_DEGRADES_NASCENT_PEPTIDE	0.386363636363636
Reactome 2026.1.Hs	REACTOME_EUKARYOTIC_TRANSLATION_ELONGATION	REACTOME_INFLUENZA_VIRAL_RNA_TRANSCRIPTION_AND_REPLICATION	0.622222222222222
Reactome 2026.1.Hs	REACTOME_EUKARYOTIC_TRANSLATION_ELONGATION	REACTOME_ACTIVATION_OF_THE_MRNA_UPON_BINDING_OF_THE_CAP_BINDING_COMPLEX_AND_EIFS_AND_SUBSEQUENT_BINDING_TO_43S	0.300884955752212
Reactome 2026.1.Hs	REACTOME_EUKARYOTIC_TRANSLATION_ELONGATION	REACTOME_INFLUENZA_INFECTION	0.556291390728477
Reactome 2026.1.Hs	REACTOME_EUKARYOTIC_TRANSLATION_ELONGATION	REACTOME_SARS_COV_1_HOST_INTERACTIONS	0.26865671641791
Reactome 2026.1.Hs	REACTOME_EUKARYOTIC_TRANSLATION_ELONGATION	REACTOME_RRNA_PROCESSING	0.5
Reactome 2026.1.Hs	REACTOME_EUKARYOTIC_TRANSLATION_ELONGATION	REACTOME_NERVOUS_SYSTEM_DEVELOPMENT	0.250746268656716
Reactome 2026.1.Hs	REACTOME_AEROBIC_RESPIRATION_AND_RESPIRATORY_ELECTRON_TRANSPORT	REACTOME_RESPIRATORY_ELECTRON_TRANSPORT	0.618604651162791
Reactome 2026.1.Hs	REACTOME_AEROBIC_RESPIRATION_AND_RESPIRATORY_ELECTRON_TRANSPORT	REACTOME_COMPLEX_I_BIOGENESIS	0.288372093023256
Reactome 2026.1.Hs	REACTOME_RESPONSE_OF_EIF2AK4_GCN2_TO_AMINO_ACID_DEFICIENCY	REACTOME_REGULATION_OF_EXPRESSION_OF_SLITS_AND_ROBOS	0.567567567567568
Reactome 2026.1.Hs	REACTOME_RESPONSE_OF_EIF2AK4_GCN2_TO_AMINO_ACID_DEFICIENCY	REACTOME_SELENOAMINO_ACID_METABOLISM	0.711864406779661
Reactome 2026.1.Hs	REACTOME_RESPONSE_OF_EIF2AK4_GCN2_TO_AMINO_ACID_DEFICIENCY	REACTOME_NONSENSE_MEDIATED_DECAY_NMD	0.7
Reactome 2026.1.Hs	REACTOME_RESPONSE_OF_EIF2AK4_GCN2_TO_AMINO_ACID_DEFICIENCY	REACTOME_EUKARYOTIC_TRANSLATION_INITIATION	0.707317073170732
Reactome 2026.1.Hs	REACTOME_RESPONSE_OF_EIF2AK4_GCN2_TO_AMINO_ACID_DEFICIENCY	REACTOME_RIBOSOME_ASSOCIATED_QUALITY_CONTROL	0.583333333333333
Reactome 2026.1.Hs	REACTOME_RESPONSE_OF_EIF2AK4_GCN2_TO_AMINO_ACID_DEFICIENCY	REACTOME_SARS_COV_1_MODULATES_HOST_TRANSLATION_MACHINERY	0.350515463917526
Reactome 2026.1.Hs	REACTOME_RESPONSE_OF_EIF2AK4_GCN2_TO_AMINO_ACID_DEFICIENCY	REACTOME_SARS_COV_2_MODULATES_HOST_TRANSLATION_MACHINERY	0.323809523809524
Reactome 2026.1.Hs	REACTOME_RESPONSE_OF_EIF2AK4_GCN2_TO_AMINO_ACID_DEFICIENCY	REACTOME_CELLULAR_RESPONSE_TO_STARVATION	0.71969696969697
Reactome 2026.1.Hs	REACTOME_RESPONSE_OF_EIF2AK4_GCN2_TO_AMINO_ACID_DEFICIENCY	REACTOME_TRANSLATION	0.258928571428571
Reactome 2026.1.Hs	REACTOME_RESPONSE_OF_EIF2AK4_GCN2_TO_AMINO_ACID_DEFICIENCY	REACTOME_METABOLISM_OF_AMINO_ACIDS_AND_DERIVATIVES	0.352697095435685
Reactome 2026.1.Hs	REACTOME_RESPONSE_OF_EIF2AK4_GCN2_TO_AMINO_ACID_DEFICIENCY	REACTOME_SIGNALING_BY_ROBO_RECEPTORS	0.477272727272727
Reactome 2026.1.Hs	REACTOME_RESPONSE_OF_EIF2AK4_GCN2_TO_AMINO_ACID_DEFICIENCY	REACTOME_RIBOSOME_QUALITY_CONTROL_RQC_COMPLEX_EXTRACTS_AND_DEGRADES_NASCENT_PEPTIDE	0.366906474820144
Reactome 2026.1.Hs	REACTOME_RESPONSE_OF_EIF2AK4_GCN2_TO_AMINO_ACID_DEFICIENCY	REACTOME_INFLUENZA_VIRAL_RNA_TRANSCRIPTION_AND_REPLICATION	0.591549295774648
Reactome 2026.1.Hs	REACTOME_RESPONSE_OF_EIF2AK4_GCN2_TO_AMINO_ACID_DEFICIENCY	REACTOME_ACTIVATION_OF_THE_MRNA_UPON_BINDING_OF_THE_CAP_BINDING_COMPLEX_AND_EIFS_AND_SUBSEQUENT_BINDING_TO_43S	0.316239316239316
Reactome 2026.1.Hs	REACTOME_RESPONSE_OF_EIF2AK4_GCN2_TO_AMINO_ACID_DEFICIENCY	REACTOME_INFLUENZA_INFECTION	0.531645569620253
Reactome 2026.1.Hs	REACTOME_RESPONSE_OF_EIF2AK4_GCN2_TO_AMINO_ACID_DEFICIENCY	REACTOME_RRNA_PROCESSING	0.48
Reactome 2026.1.Hs	REACTOME_RESPIRATORY_ELECTRON_TRANSPORT	REACTOME_COMPLEX_IV_ASSEMBLY	0.270676691729323
Reactome 2026.1.Hs	REACTOME_RESPIRATORY_ELECTRON_TRANSPORT	REACTOME_COMPLEX_I_BIOGENESIS	0.466165413533835
Reactome 2026.1.Hs	REACTOME_REGULATION_OF_EXPRESSION_OF_SLITS_AND_ROBOS	REACTOME_SELENOAMINO_ACID_METABOLISM	0.525
Reactome 2026.1.Hs	REACTOME_REGULATION_OF_EXPRESSION_OF_SLITS_AND_ROBOS	REACTOME_NONSENSE_MEDIATED_DECAY_NMD	0.662162162162162
Reactome 2026.1.Hs	REACTOME_REGULATION_OF_EXPRESSION_OF_SLITS_AND_ROBOS	REACTOME_EUKARYOTIC_TRANSLATION_INITIATION	0.518072289156627
Reactome 2026.1.Hs	REACTOME_REGULATION_OF_EXPRESSION_OF_SLITS_AND_ROBOS	REACTOME_RIBOSOME_ASSOCIATED_QUALITY_CONTROL	0.776315789473684
Reactome 2026.1.Hs	REACTOME_REGULATION_OF_EXPRESSION_OF_SLITS_AND_ROBOS	REACTOME_CELLULAR_RESPONSE_TO_STARVATION	0.454054054054054
Reactome 2026.1.Hs	REACTOME_REGULATION_OF_EXPRESSION_OF_SLITS_AND_ROBOS	REACTOME_TRANSLATION	0.355685131195335
Reactome 2026.1.Hs	REACTOME_REGULATION_OF_EXPRESSION_OF_SLITS_AND_ROBOS	REACTOME_METABOLISM_OF_AMINO_ACIDS_AND_DERIVATIVES	0.4375
Reactome 2026.1.Hs	REACTOME_REGULATION_OF_EXPRESSION_OF_SLITS_AND_ROBOS	REACTOME_SIGNALING_BY_ROBO_RECEPTORS	0.83030303030303
Reactome 2026.1.Hs	REACTOME_REGULATION_OF_EXPRESSION_OF_SLITS_AND_ROBOS	REACTOME_RIBOSOME_QUALITY_CONTROL_RQC_COMPLEX_EXTRACTS_AND_DEGRADES_NASCENT_PEPTIDE	0.578231292517007
Reactome 2026.1.Hs	REACTOME_REGULATION_OF_EXPRESSION_OF_SLITS_AND_ROBOS	REACTOME_INFLUENZA_VIRAL_RNA_TRANSCRIPTION_AND_REPLICATION	0.456521739130435
Reactome 2026.1.Hs	REACTOME_REGULATION_OF_EXPRESSION_OF_SLITS_AND_ROBOS	REACTOME_INFLUENZA_INFECTION	0.42
Reactome 2026.1.Hs	REACTOME_REGULATION_OF_EXPRESSION_OF_SLITS_AND_ROBOS	REACTOME_RRNA_PROCESSING	0.387096774193548
Reactome 2026.1.Hs	REACTOME_REGULATION_OF_EXPRESSION_OF_SLITS_AND_ROBOS	REACTOME_VIF_MEDIATED_DEGRADATION_OF_APOBEC3G	0.253623188405797
Reactome 2026.1.Hs	REACTOME_REGULATION_OF_EXPRESSION_OF_SLITS_AND_ROBOS	REACTOME_NERVOUS_SYSTEM_DEVELOPMENT	0.413897280966767
Reactome 2026.1.Hs	REACTOME_SELENOAMINO_ACID_METABOLISM	REACTOME_NONSENSE_MEDIATED_DECAY_NMD	0.636363636363636
Reactome 2026.1.Hs	REACTOME_SELENOAMINO_ACID_METABOLISM	REACTOME_EUKARYOTIC_TRANSLATION_INITIATION	0.608695652173913
Reactome 2026.1.Hs	REACTOME_SELENOAMINO_ACID_METABOLISM	REACTOME_RIBOSOME_ASSOCIATED_QUALITY_CONTROL	0.538461538461538
Reactome 2026.1.Hs	REACTOME_SELENOAMINO_ACID_METABOLISM	REACTOME_SARS_COV_1_MODULATES_HOST_TRANSLATION_MACHINERY	0.311926605504587
Reactome 2026.1.Hs	REACTOME_SELENOAMINO_ACID_METABOLISM	REACTOME_SARS_COV_2_MODULATES_HOST_TRANSLATION_MACHINERY	0.290598290598291
Reactome 2026.1.Hs	REACTOME_SELENOAMINO_ACID_METABOLISM	REACTOME_CELLULAR_RESPONSE_TO_STARVATION	0.541935483870968
Reactome 2026.1.Hs	REACTOME_SELENOAMINO_ACID_METABOLISM	REACTOME_TRANSLATION	0.283185840707965
Reactome 2026.1.Hs	REACTOME_SELENOAMINO_ACID_METABOLISM	REACTOME_METABOLISM_OF_AMINO_ACIDS_AND_DERIVATIVES	0.463203463203463
Reactome 2026.1.Hs	REACTOME_SELENOAMINO_ACID_METABOLISM	REACTOME_SIGNALING_BY_ROBO_RECEPTORS	0.446808510638298
Reactome 2026.1.Hs	REACTOME_SELENOAMINO_ACID_METABOLISM	REACTOME_RIBOSOME_QUALITY_CONTROL_RQC_COMPLEX_EXTRACTS_AND_DEGRADES_NASCENT_PEPTIDE	0.337748344370861
Reactome 2026.1.Hs	REACTOME_SELENOAMINO_ACID_METABOLISM	REACTOME_INFLUENZA_VIRAL_RNA_TRANSCRIPTION_AND_REPLICATION	0.545454545454545
Reactome 2026.1.Hs	REACTOME_SELENOAMINO_ACID_METABOLISM	REACTOME_ACTIVATION_OF_THE_MRNA_UPON_BINDING_OF_THE_CAP_BINDING_COMPLEX_AND_EIFS_AND_SUBSEQUENT_BINDING_TO_43S	0.257575757575758
Reactome 2026.1.Hs	REACTOME_SELENOAMINO_ACID_METABOLISM	REACTOME_INFLUENZA_INFECTION	0.494117647058824
Reactome 2026.1.Hs	REACTOME_SELENOAMINO_ACID_METABOLISM	REACTOME_RRNA_PROCESSING	0.449197860962567
Reactome 2026.1.Hs	REACTOME_NONSENSE_MEDIATED_DECAY_NMD	REACTOME_EUKARYOTIC_TRANSLATION_INITIATION	0.623188405797101
Reactome 2026.1.Hs	REACTOME_NONSENSE_MEDIATED_DECAY_NMD	REACTOME_RIBOSOME_ASSOCIATED_QUALITY_CONTROL	0.531645569620253
Reactome 2026.1.Hs	REACTOME_NONSENSE_MEDIATED_DECAY_NMD	REACTOME_SARS_COV_1_MODULATES_HOST_TRANSLATION_MACHINERY	0.306306306306306
Reactome 2026.1.Hs	REACTOME_NONSENSE_MEDIATED_DECAY_NMD	REACTOME_SARS_COV_2_MODULATES_HOST_TRANSLATION_MACHINERY	0.285714285714286
Reactome 2026.1.Hs	REACTOME_NONSENSE_MEDIATED_DECAY_NMD	REACTOME_CELLULAR_RESPONSE_TO_STARVATION	0.535031847133758
Reactome 2026.1.Hs	REACTOME_NONSENSE_MEDIATED_DECAY_NMD	REACTOME_TRANSLATION	0.25214899713467
Reactome 2026.1.Hs	REACTOME_NONSENSE_MEDIATED_DECAY_NMD	REACTOME_METABOLISM_OF_AMINO_ACIDS_AND_DERIVATIVES	0.328125
Reactome 2026.1.Hs	REACTOME_NONSENSE_MEDIATED_DECAY_NMD	REACTOME_SIGNALING_BY_ROBO_RECEPTORS	0.556818181818182
Reactome 2026.1.Hs	REACTOME_NONSENSE_MEDIATED_DECAY_NMD	REACTOME_RIBOSOME_QUALITY_CONTROL_RQC_COMPLEX_EXTRACTS_AND_DEGRADES_NASCENT_PEPTIDE	0.333333333333333
Reactome 2026.1.Hs	REACTOME_NONSENSE_MEDIATED_DECAY_NMD	REACTOME_INFLUENZA_VIRAL_RNA_TRANSCRIPTION_AND_REPLICATION	0.538461538461538
Reactome 2026.1.Hs	REACTOME_NONSENSE_MEDIATED_DECAY_NMD	REACTOME_ACTIVATION_OF_THE_MRNA_UPON_BINDING_OF_THE_CAP_BINDING_COMPLEX_AND_EIFS_AND_SUBSEQUENT_BINDING_TO_43S	0.272727272727273
Reactome 2026.1.Hs	REACTOME_NONSENSE_MEDIATED_DECAY_NMD	REACTOME_INFLUENZA_INFECTION	0.488372093023256
Reactome 2026.1.Hs	REACTOME_NONSENSE_MEDIATED_DECAY_NMD	REACTOME_RRNA_PROCESSING	0.444444444444444
Reactome 2026.1.Hs	REACTOME_NONSENSE_MEDIATED_DECAY_NMD	REACTOME_NERVOUS_SYSTEM_DEVELOPMENT	0.286549707602339
Reactome 2026.1.Hs	REACTOME_EUKARYOTIC_TRANSLATION_INITIATION	REACTOME_RIBOSOME_ASSOCIATED_QUALITY_CONTROL	0.51219512195122
Reactome 2026.1.Hs	REACTOME_EUKARYOTIC_TRANSLATION_INITIATION	REACTOME_SARS_COV_1_MODULATES_HOST_TRANSLATION_MACHINERY	0.290598290598291
Reactome 2026.1.Hs	REACTOME_EUKARYOTIC_TRANSLATION_INITIATION	REACTOME_SARS_COV_2_MODULATES_HOST_TRANSLATION_MACHINERY	0.272
Reactome 2026.1.Hs	REACTOME_EUKARYOTIC_TRANSLATION_INITIATION	REACTOME_CELLULAR_RESPONSE_TO_STARVATION	0.54375
Reactome 2026.1.Hs	REACTOME_EUKARYOTIC_TRANSLATION_INITIATION	REACTOME_TRANSLATION	0.350609756097561
Reactome 2026.1.Hs	REACTOME_EUKARYOTIC_TRANSLATION_INITIATION	REACTOME_METABOLISM_OF_AMINO_ACIDS_AND_DERIVATIVES	0.320610687022901
Reactome 2026.1.Hs	REACTOME_EUKARYOTIC_TRANSLATION_INITIATION	REACTOME_SIGNALING_BY_ROBO_RECEPTORS	0.443298969072165
Reactome 2026.1.Hs	REACTOME_EUKARYOTIC_TRANSLATION_INITIATION	REACTOME_RIBOSOME_QUALITY_CONTROL_RQC_COMPLEX_EXTRACTS_AND_DEGRADES_NASCENT_PEPTIDE	0.320754716981132
Reactome 2026.1.Hs	REACTOME_EUKARYOTIC_TRANSLATION_INITIATION	REACTOME_INFLUENZA_VIRAL_RNA_TRANSCRIPTION_AND_REPLICATION	0.518518518518518
Reactome 2026.1.Hs	REACTOME_EUKARYOTIC_TRANSLATION_INITIATION	REACTOME_ACTIVATION_OF_THE_MRNA_UPON_BINDING_OF_THE_CAP_BINDING_COMPLEX_AND_EIFS_AND_SUBSEQUENT_BINDING_TO_43S	0.51304347826087
Reactome 2026.1.Hs	REACTOME_EUKARYOTIC_TRANSLATION_INITIATION	REACTOME_INFLUENZA_INFECTION	0.471910112359551
Reactome 2026.1.Hs	REACTOME_EUKARYOTIC_TRANSLATION_INITIATION	REACTOME_RRNA_PROCESSING	0.430769230769231
Reactome 2026.1.Hs	REACTOME_RIBOSOME_ASSOCIATED_QUALITY_CONTROL	REACTOME_SARS_COV_1_MODULATES_HOST_TRANSLATION_MACHINERY	0.251851851851852
Reactome 2026.1.Hs	REACTOME_RIBOSOME_ASSOCIATED_QUALITY_CONTROL	REACTOME_CELLULAR_RESPONSE_TO_STARVATION	0.464088397790055
Reactome 2026.1.Hs	REACTOME_RIBOSOME_ASSOCIATED_QUALITY_CONTROL	REACTOME_TRANSLATION	0.405487804878049
Reactome 2026.1.Hs	REACTOME_RIBOSOME_ASSOCIATED_QUALITY_CONTROL	REACTOME_METABOLISM_OF_AMINO_ACIDS_AND_DERIVATIVES	0.444444444444444
Reactome 2026.1.Hs	REACTOME_RIBOSOME_ASSOCIATED_QUALITY_CONTROL	REACTOME_SIGNALING_BY_ROBO_RECEPTORS	0.655555555555556
Reactome 2026.1.Hs	REACTOME_RIBOSOME_ASSOCIATED_QUALITY_CONTROL	REACTOME_RIBOSOME_QUALITY_CONTROL_RQC_COMPLEX_EXTRACTS_AND_DEGRADES_NASCENT_PEPTIDE	0.714285714285714
Reactome 2026.1.Hs	REACTOME_RIBOSOME_ASSOCIATED_QUALITY_CONTROL	REACTOME_INFLUENZA_VIRAL_RNA_TRANSCRIPTION_AND_REPLICATION	0.466666666666667
Reactome 2026.1.Hs	REACTOME_RIBOSOME_ASSOCIATED_QUALITY_CONTROL	REACTOME_INFLUENZA_INFECTION	0.428571428571429
Reactome 2026.1.Hs	REACTOME_RIBOSOME_ASSOCIATED_QUALITY_CONTROL	REACTOME_RRNA_PROCESSING	0.394366197183099
Reactome 2026.1.Hs	REACTOME_RIBOSOME_ASSOCIATED_QUALITY_CONTROL	REACTOME_CELLULAR_RESPONSE_TO_HYPOXIA	0.267123287671233
Reactome 2026.1.Hs	REACTOME_RIBOSOME_ASSOCIATED_QUALITY_CONTROL	REACTOME_VIF_MEDIATED_DEGRADATION_OF_APOBEC3G	0.261194029850746
Reactome 2026.1.Hs	REACTOME_RIBOSOME_ASSOCIATED_QUALITY_CONTROL	REACTOME_NERVOUS_SYSTEM_DEVELOPMENT	0.341040462427746
Reactome 2026.1.Hs	REACTOME_SARS_COV_1_MODULATES_HOST_TRANSLATION_MACHINERY	REACTOME_SARS_COV_2_MODULATES_HOST_TRANSLATION_MACHINERY	0.739130434782609
Reactome 2026.1.Hs	REACTOME_SARS_COV_1_MODULATES_HOST_TRANSLATION_MACHINERY	REACTOME_CELLULAR_RESPONSE_TO_STARVATION	0.253731343283582
Reactome 2026.1.Hs	REACTOME_SARS_COV_1_MODULATES_HOST_TRANSLATION_MACHINERY	REACTOME_INFLUENZA_VIRAL_RNA_TRANSCRIPTION_AND_REPLICATION	0.255639097744361
Reactome 2026.1.Hs	REACTOME_SARS_COV_1_MODULATES_HOST_TRANSLATION_MACHINERY	REACTOME_ACTIVATION_OF_THE_MRNA_UPON_BINDING_OF_THE_CAP_BINDING_COMPLEX_AND_EIFS_AND_SUBSEQUENT_BINDING_TO_43S	0.557377049180328
Reactome 2026.1.Hs	REACTOME_SARS_COV_1_MODULATES_HOST_TRANSLATION_MACHINERY	REACTOME_SARS_COV_1_HOST_INTERACTIONS	0.439024390243902
Reactome 2026.1.Hs	REACTOME_SARS_COV_1_MODULATES_HOST_TRANSLATION_MACHINERY	REACTOME_SARS_COV_1_INFECTION	0.31304347826087
Reactome 2026.1.Hs	REACTOME_SARS_COV_2_MODULATES_HOST_TRANSLATION_MACHINERY	REACTOME_ACTIVATION_OF_THE_MRNA_UPON_BINDING_OF_THE_CAP_BINDING_COMPLEX_AND_EIFS_AND_SUBSEQUENT_BINDING_TO_43S	0.492753623188406
Reactome 2026.1.Hs	REACTOME_SARS_COV_2_MODULATES_HOST_TRANSLATION_MACHINERY	REACTOME_SARS_COV_1_HOST_INTERACTIONS	0.369565217391304
Reactome 2026.1.Hs	REACTOME_SARS_COV_2_MODULATES_HOST_TRANSLATION_MACHINERY	REACTOME_SARS_COV_1_INFECTION	0.272
Reactome 2026.1.Hs	REACTOME_CELLULAR_RESPONSE_TO_STARVATION	REACTOME_METABOLISM_OF_AMINO_ACIDS_AND_DERIVATIVES	0.305755395683453
Reactome 2026.1.Hs	REACTOME_CELLULAR_RESPONSE_TO_STARVATION	REACTOME_SIGNALING_BY_ROBO_RECEPTORS	0.394366197183099
Reactome 2026.1.Hs	REACTOME_CELLULAR_RESPONSE_TO_STARVATION	REACTOME_RIBOSOME_QUALITY_CONTROL_RQC_COMPLEX_EXTRACTS_AND_DEGRADES_NASCENT_PEPTIDE	0.289772727272727
Reactome 2026.1.Hs	REACTOME_CELLULAR_RESPONSE_TO_STARVATION	REACTOME_INFLUENZA_VIRAL_RNA_TRANSCRIPTION_AND_REPLICATION	0.485875706214689
Reactome 2026.1.Hs	REACTOME_CELLULAR_RESPONSE_TO_STARVATION	REACTOME_INFLUENZA_INFECTION	0.44559585492228
Reactome 2026.1.Hs	REACTOME_CELLULAR_RESPONSE_TO_STARVATION	REACTOME_RRNA_PROCESSING	0.39622641509434
Reactome 2026.1.Hs	REACTOME_TRANSLATION	REACTOME_METABOLISM_OF_AMINO_ACIDS_AND_DERIVATIVES	0.288018433179723
Reactome 2026.1.Hs	REACTOME_TRANSLATION	REACTOME_SIGNALING_BY_ROBO_RECEPTORS	0.328840970350404
Reactome 2026.1.Hs	REACTOME_TRANSLATION	REACTOME_RIBOSOME_QUALITY_CONTROL_RQC_COMPLEX_EXTRACTS_AND_DEGRADES_NASCENT_PEPTIDE	0.289634146341463
Reactome 2026.1.Hs	REACTOME_TRANSLATION	REACTOME_MITOCHONDRIAL_TRANSLATION	0.295731707317073
Reactome 2026.1.Hs	REACTOME_METABOLISM_OF_AMINO_ACIDS_AND_DERIVATIVES	REACTOME_SIGNALING_BY_ROBO_RECEPTORS	0.394366197183099
Reactome 2026.1.Hs	REACTOME_METABOLISM_OF_AMINO_ACIDS_AND_DERIVATIVES	REACTOME_RIBOSOME_QUALITY_CONTROL_RQC_COMPLEX_EXTRACTS_AND_DEGRADES_NASCENT_PEPTIDE	0.319838056680162
Reactome 2026.1.Hs	REACTOME_METABOLISM_OF_AMINO_ACIDS_AND_DERIVATIVES	REACTOME_INFLUENZA_VIRAL_RNA_TRANSCRIPTION_AND_REPLICATION	0.302158273381295
Reactome 2026.1.Hs	REACTOME_METABOLISM_OF_AMINO_ACIDS_AND_DERIVATIVES	REACTOME_INFLUENZA_INFECTION	0.285714285714286
Reactome 2026.1.Hs	REACTOME_METABOLISM_OF_AMINO_ACIDS_AND_DERIVATIVES	REACTOME_RRNA_PROCESSING	0.274193548387097
Reactome 2026.1.Hs	REACTOME_SIGNALING_BY_ROBO_RECEPTORS	REACTOME_RIBOSOME_QUALITY_CONTROL_RQC_COMPLEX_EXTRACTS_AND_DEGRADES_NASCENT_PEPTIDE	0.485714285714286
Reactome 2026.1.Hs	REACTOME_SIGNALING_BY_ROBO_RECEPTORS	REACTOME_INFLUENZA_VIRAL_RNA_TRANSCRIPTION_AND_REPLICATION	0.39622641509434
Reactome 2026.1.Hs	REACTOME_SIGNALING_BY_ROBO_RECEPTORS	REACTOME_INFLUENZA_INFECTION	0.368421052631579
Reactome 2026.1.Hs	REACTOME_SIGNALING_BY_ROBO_RECEPTORS	REACTOME_RRNA_PROCESSING	0.342857142857143
Reactome 2026.1.Hs	REACTOME_SIGNALING_BY_ROBO_RECEPTORS	REACTOME_NERVOUS_SYSTEM_DEVELOPMENT	0.498489425981873
Reactome 2026.1.Hs	REACTOME_RIBOSOME_QUALITY_CONTROL_RQC_COMPLEX_EXTRACTS_AND_DEGRADES_NASCENT_PEPTIDE	REACTOME_INFLUENZA_VIRAL_RNA_TRANSCRIPTION_AND_REPLICATION	0.291428571428571
Reactome 2026.1.Hs	REACTOME_RIBOSOME_QUALITY_CONTROL_RQC_COMPLEX_EXTRACTS_AND_DEGRADES_NASCENT_PEPTIDE	REACTOME_INFLUENZA_INFECTION	0.267015706806283
Reactome 2026.1.Hs	REACTOME_RIBOSOME_QUALITY_CONTROL_RQC_COMPLEX_EXTRACTS_AND_DEGRADES_NASCENT_PEPTIDE	REACTOME_AUF1_HNRNP_D0_BINDS_AND_DESTABILIZES_MRNA	0.316831683168317
Reactome 2026.1.Hs	REACTOME_RIBOSOME_QUALITY_CONTROL_RQC_COMPLEX_EXTRACTS_AND_DEGRADES_NASCENT_PEPTIDE	REACTOME_AMPK_INDUCED_ERAD_AND_LYSOSOME_MEDIATED_DEGRADATION_OF_PD_L1_CD274	0.311320754716981
Reactome 2026.1.Hs	REACTOME_RIBOSOME_QUALITY_CONTROL_RQC_COMPLEX_EXTRACTS_AND_DEGRADES_NASCENT_PEPTIDE	REACTOME_REGULATION_OF_PD_L1_CD274_POST_TRANSLATIONAL_MODIFICATION	0.261538461538462
Reactome 2026.1.Hs	REACTOME_RIBOSOME_QUALITY_CONTROL_RQC_COMPLEX_EXTRACTS_AND_DEGRADES_NASCENT_PEPTIDE	REACTOME_NEGATIVE_REGULATION_OF_NOTCH4_SIGNALING	0.33
Reactome 2026.1.Hs	REACTOME_RIBOSOME_QUALITY_CONTROL_RQC_COMPLEX_EXTRACTS_AND_DEGRADES_NASCENT_PEPTIDE	REACTOME_REGULATION_OF_CDH1_FUNCTION	0.288288288288288
Reactome 2026.1.Hs	REACTOME_RIBOSOME_QUALITY_CONTROL_RQC_COMPLEX_EXTRACTS_AND_DEGRADES_NASCENT_PEPTIDE	REACTOME_ABC_TRANSPORTER_DISORDERS	0.311320754716981
Reactome 2026.1.Hs	REACTOME_RIBOSOME_QUALITY_CONTROL_RQC_COMPLEX_EXTRACTS_AND_DEGRADES_NASCENT_PEPTIDE	REACTOME_CELLULAR_RESPONSE_TO_HYPOXIA	0.348623853211009
Reactome 2026.1.Hs	REACTOME_RIBOSOME_QUALITY_CONTROL_RQC_COMPLEX_EXTRACTS_AND_DEGRADES_NASCENT_PEPTIDE	REACTOME_VIF_MEDIATED_DEGRADATION_OF_APOBEC3G	0.364583333333333
Reactome 2026.1.Hs	REACTOME_RIBOSOME_QUALITY_CONTROL_RQC_COMPLEX_EXTRACTS_AND_DEGRADES_NASCENT_PEPTIDE	REACTOME_GSK3B_MEDIATED_PROTEASOMAL_DEGRADATION_OF_PD_L1_CD274	0.33
Reactome 2026.1.Hs	REACTOME_RIBOSOME_QUALITY_CONTROL_RQC_COMPLEX_EXTRACTS_AND_DEGRADES_NASCENT_PEPTIDE	REACTOME_SCF_SKP2_MEDIATED_DEGRADATION_OF_P27_P21	0.316831683168317
Reactome 2026.1.Hs	REACTOME_RIBOSOME_QUALITY_CONTROL_RQC_COMPLEX_EXTRACTS_AND_DEGRADES_NASCENT_PEPTIDE	REACTOME_ANTIGEN_PROCESSING_CROSS_PRESENTATION	0.253968253968254
Reactome 2026.1.Hs	REACTOME_RIBOSOME_QUALITY_CONTROL_RQC_COMPLEX_EXTRACTS_AND_DEGRADES_NASCENT_PEPTIDE	REACTOME_FBXL7_DOWN_REGULATES_AURKA_DURING_MITOTIC_ENTRY_AND_IN_EARLY_MITOSIS	0.336734693877551
Reactome 2026.1.Hs	REACTOME_RIBOSOME_QUALITY_CONTROL_RQC_COMPLEX_EXTRACTS_AND_DEGRADES_NASCENT_PEPTIDE	REACTOME_HH_MUTANTS_ABROGATE_LIGAND_SECRETION	0.33
Reactome 2026.1.Hs	REACTOME_RIBOSOME_QUALITY_CONTROL_RQC_COMPLEX_EXTRACTS_AND_DEGRADES_NASCENT_PEPTIDE	REACTOME_THE_ROLE_OF_GTSE1_IN_G2_M_PROGRESSION_AFTER_G2_CHECKPOINT	0.310679611650485
Reactome 2026.1.Hs	REACTOME_RIBOSOME_QUALITY_CONTROL_RQC_COMPLEX_EXTRACTS_AND_DEGRADES_NASCENT_PEPTIDE	REACTOME_DEGRADATION_OF_DVL	0.336734693877551
Reactome 2026.1.Hs	REACTOME_RIBOSOME_QUALITY_CONTROL_RQC_COMPLEX_EXTRACTS_AND_DEGRADES_NASCENT_PEPTIDE	REACTOME_DEGRADATION_OF_CRY_AND_PER_PROTEINS	0.333333333333333
Reactome 2026.1.Hs	REACTOME_RIBOSOME_QUALITY_CONTROL_RQC_COMPLEX_EXTRACTS_AND_DEGRADES_NASCENT_PEPTIDE	REACTOME_ORC1_REMOVAL_FROM_CHROMATIN	0.314285714285714
Reactome 2026.1.Hs	REACTOME_RIBOSOME_QUALITY_CONTROL_RQC_COMPLEX_EXTRACTS_AND_DEGRADES_NASCENT_PEPTIDE	REACTOME_UBIQUITIN_DEPENDENT_DEGRADATION_OF_CYCLIN_D	0.333333333333333
Reactome 2026.1.Hs	REACTOME_RIBOSOME_QUALITY_CONTROL_RQC_COMPLEX_EXTRACTS_AND_DEGRADES_NASCENT_PEPTIDE	REACTOME_DOWNSTREAM_SIGNALING_EVENTS_OF_B_CELL_RECEPTOR_BCR	0.26890756302521
Reactome 2026.1.Hs	REACTOME_RIBOSOME_QUALITY_CONTROL_RQC_COMPLEX_EXTRACTS_AND_DEGRADES_NASCENT_PEPTIDE	REACTOME_ABC_FAMILY_PROTEINS_MEDIATED_TRANSPORT	0.28448275862069
Reactome 2026.1.Hs	REACTOME_RIBOSOME_QUALITY_CONTROL_RQC_COMPLEX_EXTRACTS_AND_DEGRADES_NASCENT_PEPTIDE	REACTOME_SPOP_MEDIATED_PROTEASOMAL_DEGRADATION_OF_PD_L1_CD274	0.326732673267327
Reactome 2026.1.Hs	REACTOME_RIBOSOME_QUALITY_CONTROL_RQC_COMPLEX_EXTRACTS_AND_DEGRADES_NASCENT_PEPTIDE	REACTOME_HEDGEHOG_LIGAND_BIOGENESIS	0.317307692307692
Reactome 2026.1.Hs	REACTOME_RIBOSOME_QUALITY_CONTROL_RQC_COMPLEX_EXTRACTS_AND_DEGRADES_NASCENT_PEPTIDE	REACTOME_REGULATION_OF_ORNITHINE_DECARBOXYLASE_ODC	0.28
Reactome 2026.1.Hs	REACTOME_RIBOSOME_QUALITY_CONTROL_RQC_COMPLEX_EXTRACTS_AND_DEGRADES_NASCENT_PEPTIDE	REACTOME_DEGRADATION_OF_GLI1_BY_THE_PROTEASOME	0.320388349514563
Reactome 2026.1.Hs	REACTOME_RIBOSOME_QUALITY_CONTROL_RQC_COMPLEX_EXTRACTS_AND_DEGRADES_NASCENT_PEPTIDE	REACTOME_REGULATION_OF_PTEN_STABILITY_AND_ACTIVITY	0.293577981651376
Reactome 2026.1.Hs	REACTOME_RIBOSOME_QUALITY_CONTROL_RQC_COMPLEX_EXTRACTS_AND_DEGRADES_NASCENT_PEPTIDE	REACTOME_SCF_BETA_TRCP_MEDIATED_DEGRADATION_OF_EMI1	0.323232323232323
Reactome 2026.1.Hs	REACTOME_RIBOSOME_QUALITY_CONTROL_RQC_COMPLEX_EXTRACTS_AND_DEGRADES_NASCENT_PEPTIDE	REACTOME_REGULATION_OF_APOPTOSIS	0.329896907216495
Reactome 2026.1.Hs	REACTOME_FORMATION_OF_ATP_BY_CHEMIOSMOTIC_COUPLING	REACTOME_CRISTAE_FORMATION	0.625
Reactome 2026.1.Hs	REACTOME_INFLUENZA_VIRAL_RNA_TRANSCRIPTION_AND_REPLICATION	REACTOME_INFLUENZA_INFECTION	0.891156462585034
Reactome 2026.1.Hs	REACTOME_INFLUENZA_VIRAL_RNA_TRANSCRIPTION_AND_REPLICATION	REACTOME_RRNA_PROCESSING	0.398104265402844
Reactome 2026.1.Hs	REACTOME_PROTEIN_LOCALIZATION	REACTOME_MITOCHONDRIAL_PROTEIN_IMPORT	0.419354838709677
Reactome 2026.1.Hs	REACTOME_PROTEIN_LOCALIZATION	REACTOME_PEROXISOMAL_PROTEIN_IMPORT	0.379032258064516
Reactome 2026.1.Hs	REACTOME_ACTIVATION_OF_THE_MRNA_UPON_BINDING_OF_THE_CAP_BINDING_COMPLEX_AND_EIFS_AND_SUBSEQUENT_BINDING_TO_43S	REACTOME_SARS_COV_1_HOST_INTERACTIONS	0.317757009345794
Reactome 2026.1.Hs	REACTOME_INFLUENZA_INFECTION	REACTOME_RRNA_PROCESSING	0.370044052863436
Reactome 2026.1.Hs	REACTOME_MITOCHONDRIAL_TRANSLATION_ELONGATION	REACTOME_MITOCHONDRIAL_TRANSLATION	0.752577319587629
Reactome 2026.1.Hs	REACTOME_SARS_COV_1_HOST_INTERACTIONS	REACTOME_SARS_COV_1_INFECTION	0.71304347826087
Reactome 2026.1.Hs	REACTOME_GENE_AND_PROTEIN_EXPRESSION_BY_JAK_STAT_SIGNALING_AFTER_INTERLEUKIN_12_STIMULATION	REACTOME_INTERLEUKIN_12_SIGNALING	0.866666666666667
Reactome 2026.1.Hs	REACTOME_GENE_AND_PROTEIN_EXPRESSION_BY_JAK_STAT_SIGNALING_AFTER_INTERLEUKIN_12_STIMULATION	REACTOME_INTERLEUKIN_12_FAMILY_SIGNALING	0.764705882352941
Reactome 2026.1.Hs	REACTOME_AUF1_HNRNP_D0_BINDS_AND_DESTABILIZES_MRNA	REACTOME_AMPK_INDUCED_ERAD_AND_LYSOSOME_MEDIATED_DEGRADATION_OF_PD_L1_CD274	0.64
Reactome 2026.1.Hs	REACTOME_AUF1_HNRNP_D0_BINDS_AND_DESTABILIZES_MRNA	REACTOME_REGULATION_OF_PD_L1_CD274_POST_TRANSLATIONAL_MODIFICATION	0.426666666666667
Reactome 2026.1.Hs	REACTOME_AUF1_HNRNP_D0_BINDS_AND_DESTABILIZES_MRNA	REACTOME_NEGATIVE_REGULATION_OF_NOTCH4_SIGNALING	0.727272727272727
Reactome 2026.1.Hs	REACTOME_AUF1_HNRNP_D0_BINDS_AND_DESTABILIZES_MRNA	REACTOME_REGULATION_OF_CDH1_FUNCTION	0.592592592592593
Reactome 2026.1.Hs	REACTOME_AUF1_HNRNP_D0_BINDS_AND_DESTABILIZES_MRNA	REACTOME_ABC_TRANSPORTER_DISORDERS	0.64
Reactome 2026.1.Hs	REACTOME_AUF1_HNRNP_D0_BINDS_AND_DESTABILIZES_MRNA	REACTOME_CELLULAR_RESPONSE_TO_HYPOXIA	0.551724137931034
Reactome 2026.1.Hs	REACTOME_AUF1_HNRNP_D0_BINDS_AND_DESTABILIZES_MRNA	REACTOME_VIF_MEDIATED_DEGRADATION_OF_APOBEC3G	0.761904761904762
Reactome 2026.1.Hs	REACTOME_AUF1_HNRNP_D0_BINDS_AND_DESTABILIZES_MRNA	REACTOME_GSK3B_MEDIATED_PROTEASOMAL_DEGRADATION_OF_PD_L1_CD274	0.727272727272727
Reactome 2026.1.Hs	REACTOME_AUF1_HNRNP_D0_BINDS_AND_DESTABILIZES_MRNA	REACTOME_SCF_SKP2_MEDIATED_DEGRADATION_OF_P27_P21	0.727272727272727
Reactome 2026.1.Hs	REACTOME_AUF1_HNRNP_D0_BINDS_AND_DESTABILIZES_MRNA	REACTOME_ANTIGEN_PROCESSING_CROSS_PRESENTATION	0.463768115942029
Reactome 2026.1.Hs	REACTOME_AUF1_HNRNP_D0_BINDS_AND_DESTABILIZES_MRNA	REACTOME_FBXL7_DOWN_REGULATES_AURKA_DURING_MITOTIC_ENTRY_AND_IN_EARLY_MITOSIS	0.761904761904762
Reactome 2026.1.Hs	REACTOME_AUF1_HNRNP_D0_BINDS_AND_DESTABILIZES_MRNA	REACTOME_HH_MUTANTS_ABROGATE_LIGAND_SECRETION	0.727272727272727
Reactome 2026.1.Hs	REACTOME_AUF1_HNRNP_D0_BINDS_AND_DESTABILIZES_MRNA	REACTOME_THE_ROLE_OF_GTSE1_IN_G2_M_PROGRESSION_AFTER_G2_CHECKPOINT	0.695652173913043
Reactome 2026.1.Hs	REACTOME_AUF1_HNRNP_D0_BINDS_AND_DESTABILIZES_MRNA	REACTOME_DEGRADATION_OF_DVL	0.761904761904762
Reactome 2026.1.Hs	REACTOME_AUF1_HNRNP_D0_BINDS_AND_DESTABILIZES_MRNA	REACTOME_DEGRADATION_OF_CRY_AND_PER_PROTEINS	0.680851063829787
Reactome 2026.1.Hs	REACTOME_AUF1_HNRNP_D0_BINDS_AND_DESTABILIZES_MRNA	REACTOME_ORC1_REMOVAL_FROM_CHROMATIN	0.653061224489796
Reactome 2026.1.Hs	REACTOME_AUF1_HNRNP_D0_BINDS_AND_DESTABILIZES_MRNA	REACTOME_UBIQUITIN_DEPENDENT_DEGRADATION_OF_CYCLIN_D	0.82051282051282
Reactome 2026.1.Hs	REACTOME_AUF1_HNRNP_D0_BINDS_AND_DESTABILIZES_MRNA	REACTOME_DOWNSTREAM_SIGNALING_EVENTS_OF_B_CELL_RECEPTOR_BCR	0.516129032258065
Reactome 2026.1.Hs	REACTOME_AUF1_HNRNP_D0_BINDS_AND_DESTABILIZES_MRNA	REACTOME_ABC_FAMILY_PROTEINS_MEDIATED_TRANSPORT	0.533333333333333
Reactome 2026.1.Hs	REACTOME_AUF1_HNRNP_D0_BINDS_AND_DESTABILIZES_MRNA	REACTOME_SPOP_MEDIATED_PROTEASOMAL_DEGRADATION_OF_PD_L1_CD274	0.711111111111111
Reactome 2026.1.Hs	REACTOME_AUF1_HNRNP_D0_BINDS_AND_DESTABILIZES_MRNA	REACTOME_HEDGEHOG_LIGAND_BIOGENESIS	0.666666666666667
Reactome 2026.1.Hs	REACTOME_AUF1_HNRNP_D0_BINDS_AND_DESTABILIZES_MRNA	REACTOME_REGULATION_OF_ORNITHINE_DECARBOXYLASE_ODC	0.651162790697674
Reactome 2026.1.Hs	REACTOME_AUF1_HNRNP_D0_BINDS_AND_DESTABILIZES_MRNA	REACTOME_DEGRADATION_OF_GLI1_BY_THE_PROTEASOME	0.680851063829787
Reactome 2026.1.Hs	REACTOME_AUF1_HNRNP_D0_BINDS_AND_DESTABILIZES_MRNA	REACTOME_REGULATION_OF_PTEN_STABILITY_AND_ACTIVITY	0.615384615384615
Reactome 2026.1.Hs	REACTOME_AUF1_HNRNP_D0_BINDS_AND_DESTABILIZES_MRNA	REACTOME_SCF_BETA_TRCP_MEDIATED_DEGRADATION_OF_EMI1	0.761904761904762
Reactome 2026.1.Hs	REACTOME_AUF1_HNRNP_D0_BINDS_AND_DESTABILIZES_MRNA	REACTOME_REGULATION_OF_APOPTOSIS	0.8
Reactome 2026.1.Hs	REACTOME_BIOLOGICAL_OXIDATIONS	REACTOME_PHASE_II_CONJUGATION_OF_COMPOUNDS	0.560975609756098
Reactome 2026.1.Hs	REACTOME_DENGUE_VIRUS_GENOME_TRANSLATION_AND_REPLICATION	REACTOME_MATURATION_OF_DENV_PROTEINS	0.614285714285714
Reactome 2026.1.Hs	REACTOME_DENGUE_VIRUS_GENOME_TRANSLATION_AND_REPLICATION	REACTOME_DENGUE_VIRUS_INFECTION	0.26615969581749
Reactome 2026.1.Hs	REACTOME_PHASE_II_CONJUGATION_OF_COMPOUNDS	REACTOME_GLUTATHIONE_CONJUGATION	0.41304347826087
Reactome 2026.1.Hs	REACTOME_AMPK_INDUCED_ERAD_AND_LYSOSOME_MEDIATED_DEGRADATION_OF_PD_L1_CD274	REACTOME_REGULATION_OF_PD_L1_CD274_POST_TRANSLATIONAL_MODIFICATION	0.63768115942029
Reactome 2026.1.Hs	REACTOME_AMPK_INDUCED_ERAD_AND_LYSOSOME_MEDIATED_DEGRADATION_OF_PD_L1_CD274	REACTOME_NEGATIVE_REGULATION_OF_NOTCH4_SIGNALING	0.64
Reactome 2026.1.Hs	REACTOME_AMPK_INDUCED_ERAD_AND_LYSOSOME_MEDIATED_DEGRADATION_OF_PD_L1_CD274	REACTOME_REGULATION_OF_CDH1_FUNCTION	0.533333333333333
Reactome 2026.1.Hs	REACTOME_AMPK_INDUCED_ERAD_AND_LYSOSOME_MEDIATED_DEGRADATION_OF_PD_L1_CD274	REACTOME_ABC_TRANSPORTER_DISORDERS	0.833333333333333
Reactome 2026.1.Hs	REACTOME_AMPK_INDUCED_ERAD_AND_LYSOSOME_MEDIATED_DEGRADATION_OF_PD_L1_CD274	REACTOME_CELLULAR_RESPONSE_TO_HYPOXIA	0.5
Reactome 2026.1.Hs	REACTOME_AMPK_INDUCED_ERAD_AND_LYSOSOME_MEDIATED_DEGRADATION_OF_PD_L1_CD274	REACTOME_VIF_MEDIATED_DEGRADATION_OF_APOBEC3G	0.666666666666667
Reactome 2026.1.Hs	REACTOME_AMPK_INDUCED_ERAD_AND_LYSOSOME_MEDIATED_DEGRADATION_OF_PD_L1_CD274	REACTOME_GSK3B_MEDIATED_PROTEASOMAL_DEGRADATION_OF_PD_L1_CD274	0.64
Reactome 2026.1.Hs	REACTOME_AMPK_INDUCED_ERAD_AND_LYSOSOME_MEDIATED_DEGRADATION_OF_PD_L1_CD274	REACTOME_SCF_SKP2_MEDIATED_DEGRADATION_OF_P27_P21	0.64
Reactome 2026.1.Hs	REACTOME_AMPK_INDUCED_ERAD_AND_LYSOSOME_MEDIATED_DEGRADATION_OF_PD_L1_CD274	REACTOME_ANTIGEN_PROCESSING_CROSS_PRESENTATION	0.426666666666667
Reactome 2026.1.Hs	REACTOME_AMPK_INDUCED_ERAD_AND_LYSOSOME_MEDIATED_DEGRADATION_OF_PD_L1_CD274	REACTOME_FBXL7_DOWN_REGULATES_AURKA_DURING_MITOTIC_ENTRY_AND_IN_EARLY_MITOSIS	0.666666666666667
Reactome 2026.1.Hs	REACTOME_AMPK_INDUCED_ERAD_AND_LYSOSOME_MEDIATED_DEGRADATION_OF_PD_L1_CD274	REACTOME_HH_MUTANTS_ABROGATE_LIGAND_SECRETION	0.74468085106383
Reactome 2026.1.Hs	REACTOME_AMPK_INDUCED_ERAD_AND_LYSOSOME_MEDIATED_DEGRADATION_OF_PD_L1_CD274	REACTOME_THE_ROLE_OF_GTSE1_IN_G2_M_PROGRESSION_AFTER_G2_CHECKPOINT	0.615384615384615
Reactome 2026.1.Hs	REACTOME_AMPK_INDUCED_ERAD_AND_LYSOSOME_MEDIATED_DEGRADATION_OF_PD_L1_CD274	REACTOME_DEGRADATION_OF_DVL	0.666666666666667
Reactome 2026.1.Hs	REACTOME_AMPK_INDUCED_ERAD_AND_LYSOSOME_MEDIATED_DEGRADATION_OF_PD_L1_CD274	REACTOME_DEGRADATION_OF_CRY_AND_PER_PROTEINS	0.60377358490566
Reactome 2026.1.Hs	REACTOME_AMPK_INDUCED_ERAD_AND_LYSOSOME_MEDIATED_DEGRADATION_OF_PD_L1_CD274	REACTOME_ORC1_REMOVAL_FROM_CHROMATIN	0.581818181818182
Reactome 2026.1.Hs	REACTOME_AMPK_INDUCED_ERAD_AND_LYSOSOME_MEDIATED_DEGRADATION_OF_PD_L1_CD274	REACTOME_UBIQUITIN_DEPENDENT_DEGRADATION_OF_CYCLIN_D	0.711111111111111
Reactome 2026.1.Hs	REACTOME_AMPK_INDUCED_ERAD_AND_LYSOSOME_MEDIATED_DEGRADATION_OF_PD_L1_CD274	REACTOME_DOWNSTREAM_SIGNALING_EVENTS_OF_B_CELL_RECEPTOR_BCR	0.470588235294118
Reactome 2026.1.Hs	REACTOME_AMPK_INDUCED_ERAD_AND_LYSOSOME_MEDIATED_DEGRADATION_OF_PD_L1_CD274	REACTOME_ABC_FAMILY_PROTEINS_MEDIATED_TRANSPORT	0.689655172413793
Reactome 2026.1.Hs	REACTOME_AMPK_INDUCED_ERAD_AND_LYSOSOME_MEDIATED_DEGRADATION_OF_PD_L1_CD274	REACTOME_SPOP_MEDIATED_PROTEASOMAL_DEGRADATION_OF_PD_L1_CD274	0.627450980392157
Reactome 2026.1.Hs	REACTOME_AMPK_INDUCED_ERAD_AND_LYSOSOME_MEDIATED_DEGRADATION_OF_PD_L1_CD274	REACTOME_HEDGEHOG_LIGAND_BIOGENESIS	0.686274509803922
Reactome 2026.1.Hs	REACTOME_AMPK_INDUCED_ERAD_AND_LYSOSOME_MEDIATED_DEGRADATION_OF_PD_L1_CD274	REACTOME_REGULATION_OF_ORNITHINE_DECARBOXYLASE_ODC	0.571428571428571
Reactome 2026.1.Hs	REACTOME_AMPK_INDUCED_ERAD_AND_LYSOSOME_MEDIATED_DEGRADATION_OF_PD_L1_CD274	REACTOME_DEGRADATION_OF_GLI1_BY_THE_PROTEASOME	0.60377358490566
Reactome 2026.1.Hs	REACTOME_AMPK_INDUCED_ERAD_AND_LYSOSOME_MEDIATED_DEGRADATION_OF_PD_L1_CD274	REACTOME_REGULATION_OF_PTEN_STABILITY_AND_ACTIVITY	0.551724137931034
Reactome 2026.1.Hs	REACTOME_AMPK_INDUCED_ERAD_AND_LYSOSOME_MEDIATED_DEGRADATION_OF_PD_L1_CD274	REACTOME_SCF_BETA_TRCP_MEDIATED_DEGRADATION_OF_EMI1	0.666666666666667
Reactome 2026.1.Hs	REACTOME_AMPK_INDUCED_ERAD_AND_LYSOSOME_MEDIATED_DEGRADATION_OF_PD_L1_CD274	REACTOME_REGULATION_OF_APOPTOSIS	0.695652173913043
Reactome 2026.1.Hs	REACTOME_MRNA_3_END_PROCESSING	REACTOME_RNA_POLYMERASE_II_TRANSCRIPTION_TERMINATION	0.377777777777778
Reactome 2026.1.Hs	REACTOME_MRNA_3_END_PROCESSING	REACTOME_MRNA_SPLICING	0.462962962962963
Reactome 2026.1.Hs	REACTOME_MRNA_3_END_PROCESSING	REACTOME_MRNA_POLYADENYLATION	0.858208955223881
Reactome 2026.1.Hs	REACTOME_MRNA_3_END_PROCESSING	REACTOME_DENGUE_VIRUS_INFECTION	0.336700336700337
Reactome 2026.1.Hs	REACTOME_MITOCHONDRIAL_FATTY_ACID_BETA_OXIDATION	REACTOME_FATTY_ACID_METABOLISM	0.307692307692308
Reactome 2026.1.Hs	REACTOME_REGULATION_OF_PD_L1_CD274_POST_TRANSLATIONAL_MODIFICATION	REACTOME_NEGATIVE_REGULATION_OF_NOTCH4_SIGNALING	0.486111111111111
Reactome 2026.1.Hs	REACTOME_REGULATION_OF_PD_L1_CD274_POST_TRANSLATIONAL_MODIFICATION	REACTOME_REGULATION_OF_CDH1_FUNCTION	0.376470588235294
Reactome 2026.1.Hs	REACTOME_REGULATION_OF_PD_L1_CD274_POST_TRANSLATIONAL_MODIFICATION	REACTOME_ABC_TRANSPORTER_DISORDERS	0.547945205479452
Reactome 2026.1.Hs	REACTOME_REGULATION_OF_PD_L1_CD274_POST_TRANSLATIONAL_MODIFICATION	REACTOME_CELLULAR_RESPONSE_TO_HYPOXIA	0.375
Reactome 2026.1.Hs	REACTOME_REGULATION_OF_PD_L1_CD274_POST_TRANSLATIONAL_MODIFICATION	REACTOME_VIF_MEDIATED_DEGRADATION_OF_APOBEC3G	0.458333333333333
Reactome 2026.1.Hs	REACTOME_REGULATION_OF_PD_L1_CD274_POST_TRANSLATIONAL_MODIFICATION	REACTOME_GSK3B_MEDIATED_PROTEASOMAL_DEGRADATION_OF_PD_L1_CD274	0.550724637681159
Reactome 2026.1.Hs	REACTOME_REGULATION_OF_PD_L1_CD274_POST_TRANSLATIONAL_MODIFICATION	REACTOME_SCF_SKP2_MEDIATED_DEGRADATION_OF_P27_P21	0.465753424657534
Reactome 2026.1.Hs	REACTOME_REGULATION_OF_PD_L1_CD274_POST_TRANSLATIONAL_MODIFICATION	REACTOME_ANTIGEN_PROCESSING_CROSS_PRESENTATION	0.32
Reactome 2026.1.Hs	REACTOME_REGULATION_OF_PD_L1_CD274_POST_TRANSLATIONAL_MODIFICATION	REACTOME_FBXL7_DOWN_REGULATES_AURKA_DURING_MITOTIC_ENTRY_AND_IN_EARLY_MITOSIS	0.5
Reactome 2026.1.Hs	REACTOME_REGULATION_OF_PD_L1_CD274_POST_TRANSLATIONAL_MODIFICATION	REACTOME_HH_MUTANTS_ABROGATE_LIGAND_SECRETION	0.486111111111111
Reactome 2026.1.Hs	REACTOME_REGULATION_OF_PD_L1_CD274_POST_TRANSLATIONAL_MODIFICATION	REACTOME_THE_ROLE_OF_GTSE1_IN_G2_M_PROGRESSION_AFTER_G2_CHECKPOINT	0.415584415584416
Reactome 2026.1.Hs	REACTOME_REGULATION_OF_PD_L1_CD274_POST_TRANSLATIONAL_MODIFICATION	REACTOME_DEGRADATION_OF_DVL	0.47887323943662
Reactome 2026.1.Hs	REACTOME_REGULATION_OF_PD_L1_CD274_POST_TRANSLATIONAL_MODIFICATION	REACTOME_DEGRADATION_OF_CRY_AND_PER_PROTEINS	0.486486486486487
Reactome 2026.1.Hs	REACTOME_REGULATION_OF_PD_L1_CD274_POST_TRANSLATIONAL_MODIFICATION	REACTOME_ORC1_REMOVAL_FROM_CHROMATIN	0.454545454545455
Reactome 2026.1.Hs	REACTOME_REGULATION_OF_PD_L1_CD274_POST_TRANSLATIONAL_MODIFICATION	REACTOME_UBIQUITIN_DEPENDENT_DEGRADATION_OF_CYCLIN_D	0.478260869565217
Reactome 2026.1.Hs	REACTOME_REGULATION_OF_PD_L1_CD274_POST_TRANSLATIONAL_MODIFICATION	REACTOME_DOWNSTREAM_SIGNALING_EVENTS_OF_B_CELL_RECEPTOR_BCR	0.388888888888889
Reactome 2026.1.Hs	REACTOME_REGULATION_OF_PD_L1_CD274_POST_TRANSLATIONAL_MODIFICATION	REACTOME_ABC_FAMILY_PROTEINS_MEDIATED_TRANSPORT	0.481927710843373
Reactome 2026.1.Hs	REACTOME_REGULATION_OF_PD_L1_CD274_POST_TRANSLATIONAL_MODIFICATION	REACTOME_SPOP_MEDIATED_PROTEASOMAL_DEGRADATION_OF_PD_L1_CD274	0.565217391304348
Reactome 2026.1.Hs	REACTOME_REGULATION_OF_PD_L1_CD274_POST_TRANSLATIONAL_MODIFICATION	REACTOME_HEDGEHOG_LIGAND_BIOGENESIS	0.460526315789474
Reactome 2026.1.Hs	REACTOME_REGULATION_OF_PD_L1_CD274_POST_TRANSLATIONAL_MODIFICATION	REACTOME_REGULATION_OF_ORNITHINE_DECARBOXYLASE_ODC	0.378378378378378
Reactome 2026.1.Hs	REACTOME_REGULATION_OF_PD_L1_CD274_POST_TRANSLATIONAL_MODIFICATION	REACTOME_DEGRADATION_OF_GLI1_BY_THE_PROTEASOME	0.486486486486487
Reactome 2026.1.Hs	REACTOME_REGULATION_OF_PD_L1_CD274_POST_TRANSLATIONAL_MODIFICATION	REACTOME_REGULATION_OF_PTEN_STABILITY_AND_ACTIVITY	0.4375
Reactome 2026.1.Hs	REACTOME_REGULATION_OF_PD_L1_CD274_POST_TRANSLATIONAL_MODIFICATION	REACTOME_SCF_BETA_TRCP_MEDIATED_DEGRADATION_OF_EMI1	0.5
Reactome 2026.1.Hs	REACTOME_REGULATION_OF_PD_L1_CD274_POST_TRANSLATIONAL_MODIFICATION	REACTOME_REGULATION_OF_APOPTOSIS	0.450704225352113
Reactome 2026.1.Hs	REACTOME_NEGATIVE_REGULATION_OF_NOTCH4_SIGNALING	REACTOME_REGULATION_OF_CDH1_FUNCTION	0.592592592592593
Reactome 2026.1.Hs	REACTOME_NEGATIVE_REGULATION_OF_NOTCH4_SIGNALING	REACTOME_ABC_TRANSPORTER_DISORDERS	0.64
Reactome 2026.1.Hs	REACTOME_NEGATIVE_REGULATION_OF_NOTCH4_SIGNALING	REACTOME_CELLULAR_RESPONSE_TO_HYPOXIA	0.578947368421053
Reactome 2026.1.Hs	REACTOME_NEGATIVE_REGULATION_OF_NOTCH4_SIGNALING	REACTOME_VIF_MEDIATED_DEGRADATION_OF_APOBEC3G	0.804878048780488
Reactome 2026.1.Hs	REACTOME_NEGATIVE_REGULATION_OF_NOTCH4_SIGNALING	REACTOME_GSK3B_MEDIATED_PROTEASOMAL_DEGRADATION_OF_PD_L1_CD274	0.853658536585366
Reactome 2026.1.Hs	REACTOME_NEGATIVE_REGULATION_OF_NOTCH4_SIGNALING	REACTOME_SCF_SKP2_MEDIATED_DEGRADATION_OF_P27_P21	0.80952380952381
Reactome 2026.1.Hs	REACTOME_NEGATIVE_REGULATION_OF_NOTCH4_SIGNALING	REACTOME_ANTIGEN_PROCESSING_CROSS_PRESENTATION	0.463768115942029
Reactome 2026.1.Hs	REACTOME_NEGATIVE_REGULATION_OF_NOTCH4_SIGNALING	REACTOME_FBXL7_DOWN_REGULATES_AURKA_DURING_MITOTIC_ENTRY_AND_IN_EARLY_MITOSIS	0.897435897435897
Reactome 2026.1.Hs	REACTOME_NEGATIVE_REGULATION_OF_NOTCH4_SIGNALING	REACTOME_HH_MUTANTS_ABROGATE_LIGAND_SECRETION	0.727272727272727
Reactome 2026.1.Hs	REACTOME_NEGATIVE_REGULATION_OF_NOTCH4_SIGNALING	REACTOME_THE_ROLE_OF_GTSE1_IN_G2_M_PROGRESSION_AFTER_G2_CHECKPOINT	0.695652173913043
Reactome 2026.1.Hs	REACTOME_NEGATIVE_REGULATION_OF_NOTCH4_SIGNALING	REACTOME_DEGRADATION_OF_DVL	0.804878048780488
Reactome 2026.1.Hs	REACTOME_NEGATIVE_REGULATION_OF_NOTCH4_SIGNALING	REACTOME_DEGRADATION_OF_CRY_AND_PER_PROTEINS	0.795454545454545
Reactome 2026.1.Hs	REACTOME_NEGATIVE_REGULATION_OF_NOTCH4_SIGNALING	REACTOME_ORC1_REMOVAL_FROM_CHROMATIN	0.760869565217391
Reactome 2026.1.Hs	REACTOME_NEGATIVE_REGULATION_OF_NOTCH4_SIGNALING	REACTOME_UBIQUITIN_DEPENDENT_DEGRADATION_OF_CYCLIN_D	0.82051282051282
Reactome 2026.1.Hs	REACTOME_NEGATIVE_REGULATION_OF_NOTCH4_SIGNALING	REACTOME_DOWNSTREAM_SIGNALING_EVENTS_OF_B_CELL_RECEPTOR_BCR	0.566666666666667
Reactome 2026.1.Hs	REACTOME_NEGATIVE_REGULATION_OF_NOTCH4_SIGNALING	REACTOME_ABC_FAMILY_PROTEINS_MEDIATED_TRANSPORT	0.533333333333333
Reactome 2026.1.Hs	REACTOME_NEGATIVE_REGULATION_OF_NOTCH4_SIGNALING	REACTOME_SPOP_MEDIATED_PROTEASOMAL_DEGRADATION_OF_PD_L1_CD274	0.75
Reactome 2026.1.Hs	REACTOME_NEGATIVE_REGULATION_OF_NOTCH4_SIGNALING	REACTOME_HEDGEHOG_LIGAND_BIOGENESIS	0.666666666666667
Reactome 2026.1.Hs	REACTOME_NEGATIVE_REGULATION_OF_NOTCH4_SIGNALING	REACTOME_REGULATION_OF_ORNITHINE_DECARBOXYLASE_ODC	0.651162790697674
Reactome 2026.1.Hs	REACTOME_NEGATIVE_REGULATION_OF_NOTCH4_SIGNALING	REACTOME_DEGRADATION_OF_GLI1_BY_THE_PROTEASOME	0.795454545454545
Reactome 2026.1.Hs	REACTOME_NEGATIVE_REGULATION_OF_NOTCH4_SIGNALING	REACTOME_REGULATION_OF_PTEN_STABILITY_AND_ACTIVITY	0.647058823529412
Reactome 2026.1.Hs	REACTOME_NEGATIVE_REGULATION_OF_NOTCH4_SIGNALING	REACTOME_SCF_BETA_TRCP_MEDIATED_DEGRADATION_OF_EMI1	0.85
Reactome 2026.1.Hs	REACTOME_NEGATIVE_REGULATION_OF_NOTCH4_SIGNALING	REACTOME_REGULATION_OF_APOPTOSIS	0.8
Reactome 2026.1.Hs	REACTOME_PINK1_PRKN_MEDIATED_MITOPHAGY	REACTOME_MITOPHAGY	0.823529411764706
Reactome 2026.1.Hs	REACTOME_REGULATION_OF_CDH1_FUNCTION	REACTOME_ABC_TRANSPORTER_DISORDERS	0.533333333333333
Reactome 2026.1.Hs	REACTOME_REGULATION_OF_CDH1_FUNCTION	REACTOME_CELLULAR_RESPONSE_TO_HYPOXIA	0.470588235294118
Reactome 2026.1.Hs	REACTOME_REGULATION_OF_CDH1_FUNCTION	REACTOME_VIF_MEDIATED_DEGRADATION_OF_APOBEC3G	0.615384615384615
Reactome 2026.1.Hs	REACTOME_REGULATION_OF_CDH1_FUNCTION	REACTOME_GSK3B_MEDIATED_PROTEASOMAL_DEGRADATION_OF_PD_L1_CD274	0.592592592592593
Reactome 2026.1.Hs	REACTOME_REGULATION_OF_CDH1_FUNCTION	REACTOME_SCF_SKP2_MEDIATED_DEGRADATION_OF_P27_P21	0.592592592592593
Reactome 2026.1.Hs	REACTOME_REGULATION_OF_CDH1_FUNCTION	REACTOME_ANTIGEN_PROCESSING_CROSS_PRESENTATION	0.423076923076923
Reactome 2026.1.Hs	REACTOME_REGULATION_OF_CDH1_FUNCTION	REACTOME_FBXL7_DOWN_REGULATES_AURKA_DURING_MITOTIC_ENTRY_AND_IN_EARLY_MITOSIS	0.615384615384615
Reactome 2026.1.Hs	REACTOME_REGULATION_OF_CDH1_FUNCTION	REACTOME_HH_MUTANTS_ABROGATE_LIGAND_SECRETION	0.592592592592593
Reactome 2026.1.Hs	REACTOME_REGULATION_OF_CDH1_FUNCTION	REACTOME_THE_ROLE_OF_GTSE1_IN_G2_M_PROGRESSION_AFTER_G2_CHECKPOINT	0.571428571428571
Reactome 2026.1.Hs	REACTOME_REGULATION_OF_CDH1_FUNCTION	REACTOME_DEGRADATION_OF_DVL	0.615384615384615
Reactome 2026.1.Hs	REACTOME_REGULATION_OF_CDH1_FUNCTION	REACTOME_DEGRADATION_OF_CRY_AND_PER_PROTEINS	0.56140350877193
Reactome 2026.1.Hs	REACTOME_REGULATION_OF_CDH1_FUNCTION	REACTOME_ORC1_REMOVAL_FROM_CHROMATIN	0.542372881355932
Reactome 2026.1.Hs	REACTOME_REGULATION_OF_CDH1_FUNCTION	REACTOME_UBIQUITIN_DEPENDENT_DEGRADATION_OF_CYCLIN_D	0.653061224489796
Reactome 2026.1.Hs	REACTOME_REGULATION_OF_CDH1_FUNCTION	REACTOME_DOWNSTREAM_SIGNALING_EVENTS_OF_B_CELL_RECEPTOR_BCR	0.444444444444444
Reactome 2026.1.Hs	REACTOME_REGULATION_OF_CDH1_FUNCTION	REACTOME_ABC_FAMILY_PROTEINS_MEDIATED_TRANSPORT	0.457142857142857
Reactome 2026.1.Hs	REACTOME_REGULATION_OF_CDH1_FUNCTION	REACTOME_SPOP_MEDIATED_PROTEASOMAL_DEGRADATION_OF_PD_L1_CD274	0.581818181818182
Reactome 2026.1.Hs	REACTOME_REGULATION_OF_CDH1_FUNCTION	REACTOME_HEDGEHOG_LIGAND_BIOGENESIS	0.551724137931034
Reactome 2026.1.Hs	REACTOME_REGULATION_OF_CDH1_FUNCTION	REACTOME_REGULATION_OF_ORNITHINE_DECARBOXYLASE_ODC	0.528301886792453
Reactome 2026.1.Hs	REACTOME_REGULATION_OF_CDH1_FUNCTION	REACTOME_DEGRADATION_OF_GLI1_BY_THE_PROTEASOME	0.56140350877193
Reactome 2026.1.Hs	REACTOME_REGULATION_OF_CDH1_FUNCTION	REACTOME_REGULATION_OF_PTEN_STABILITY_AND_ACTIVITY	0.516129032258065
Reactome 2026.1.Hs	REACTOME_REGULATION_OF_CDH1_FUNCTION	REACTOME_SCF_BETA_TRCP_MEDIATED_DEGRADATION_OF_EMI1	0.615384615384615
Reactome 2026.1.Hs	REACTOME_REGULATION_OF_CDH1_FUNCTION	REACTOME_REGULATION_OF_APOPTOSIS	0.64
Reactome 2026.1.Hs	REACTOME_ABC_TRANSPORTER_DISORDERS	REACTOME_CELLULAR_RESPONSE_TO_HYPOXIA	0.5
Reactome 2026.1.Hs	REACTOME_ABC_TRANSPORTER_DISORDERS	REACTOME_VIF_MEDIATED_DEGRADATION_OF_APOBEC3G	0.666666666666667
Reactome 2026.1.Hs	REACTOME_ABC_TRANSPORTER_DISORDERS	REACTOME_GSK3B_MEDIATED_PROTEASOMAL_DEGRADATION_OF_PD_L1_CD274	0.64
Reactome 2026.1.Hs	REACTOME_ABC_TRANSPORTER_DISORDERS	REACTOME_SCF_SKP2_MEDIATED_DEGRADATION_OF_P27_P21	0.64
Reactome 2026.1.Hs	REACTOME_ABC_TRANSPORTER_DISORDERS	REACTOME_ANTIGEN_PROCESSING_CROSS_PRESENTATION	0.426666666666667
Reactome 2026.1.Hs	REACTOME_ABC_TRANSPORTER_DISORDERS	REACTOME_FBXL7_DOWN_REGULATES_AURKA_DURING_MITOTIC_ENTRY_AND_IN_EARLY_MITOSIS	0.666666666666667
Reactome 2026.1.Hs	REACTOME_ABC_TRANSPORTER_DISORDERS	REACTOME_HH_MUTANTS_ABROGATE_LIGAND_SECRETION	0.74468085106383
Reactome 2026.1.Hs	REACTOME_ABC_TRANSPORTER_DISORDERS	REACTOME_THE_ROLE_OF_GTSE1_IN_G2_M_PROGRESSION_AFTER_G2_CHECKPOINT	0.615384615384615
Reactome 2026.1.Hs	REACTOME_ABC_TRANSPORTER_DISORDERS	REACTOME_DEGRADATION_OF_DVL	0.666666666666667
Reactome 2026.1.Hs	REACTOME_ABC_TRANSPORTER_DISORDERS	REACTOME_DEGRADATION_OF_CRY_AND_PER_PROTEINS	0.60377358490566
Reactome 2026.1.Hs	REACTOME_ABC_TRANSPORTER_DISORDERS	REACTOME_ORC1_REMOVAL_FROM_CHROMATIN	0.581818181818182
Reactome 2026.1.Hs	REACTOME_ABC_TRANSPORTER_DISORDERS	REACTOME_UBIQUITIN_DEPENDENT_DEGRADATION_OF_CYCLIN_D	0.711111111111111
Reactome 2026.1.Hs	REACTOME_ABC_TRANSPORTER_DISORDERS	REACTOME_DOWNSTREAM_SIGNALING_EVENTS_OF_B_CELL_RECEPTOR_BCR	0.470588235294118
Reactome 2026.1.Hs	REACTOME_ABC_TRANSPORTER_DISORDERS	REACTOME_ABC_FAMILY_PROTEINS_MEDIATED_TRANSPORT	0.75
Reactome 2026.1.Hs	REACTOME_ABC_TRANSPORTER_DISORDERS	REACTOME_SPOP_MEDIATED_PROTEASOMAL_DEGRADATION_OF_PD_L1_CD274	0.627450980392157
Reactome 2026.1.Hs	REACTOME_ABC_TRANSPORTER_DISORDERS	REACTOME_HEDGEHOG_LIGAND_BIOGENESIS	0.686274509803922
Reactome 2026.1.Hs	REACTOME_ABC_TRANSPORTER_DISORDERS	REACTOME_REGULATION_OF_ORNITHINE_DECARBOXYLASE_ODC	0.571428571428571
Reactome 2026.1.Hs	REACTOME_ABC_TRANSPORTER_DISORDERS	REACTOME_DEGRADATION_OF_GLI1_BY_THE_PROTEASOME	0.60377358490566
Reactome 2026.1.Hs	REACTOME_ABC_TRANSPORTER_DISORDERS	REACTOME_REGULATION_OF_PTEN_STABILITY_AND_ACTIVITY	0.551724137931034
Reactome 2026.1.Hs	REACTOME_ABC_TRANSPORTER_DISORDERS	REACTOME_SCF_BETA_TRCP_MEDIATED_DEGRADATION_OF_EMI1	0.666666666666667
Reactome 2026.1.Hs	REACTOME_ABC_TRANSPORTER_DISORDERS	REACTOME_REGULATION_OF_APOPTOSIS	0.695652173913043
Reactome 2026.1.Hs	REACTOME_CELLULAR_RESPONSE_TO_HYPOXIA	REACTOME_VIF_MEDIATED_DEGRADATION_OF_APOBEC3G	0.660377358490566
Reactome 2026.1.Hs	REACTOME_CELLULAR_RESPONSE_TO_HYPOXIA	REACTOME_GSK3B_MEDIATED_PROTEASOMAL_DEGRADATION_OF_PD_L1_CD274	0.578947368421053
Reactome 2026.1.Hs	REACTOME_CELLULAR_RESPONSE_TO_HYPOXIA	REACTOME_SCF_SKP2_MEDIATED_DEGRADATION_OF_P27_P21	0.551724137931034
Reactome 2026.1.Hs	REACTOME_CELLULAR_RESPONSE_TO_HYPOXIA	REACTOME_ANTIGEN_PROCESSING_CROSS_PRESENTATION	0.385542168674699
Reactome 2026.1.Hs	REACTOME_CELLULAR_RESPONSE_TO_HYPOXIA	REACTOME_FBXL7_DOWN_REGULATES_AURKA_DURING_MITOTIC_ENTRY_AND_IN_EARLY_MITOSIS	0.6
Reactome 2026.1.Hs	REACTOME_CELLULAR_RESPONSE_TO_HYPOXIA	REACTOME_HH_MUTANTS_ABROGATE_LIGAND_SECRETION	0.551724137931034
Reactome 2026.1.Hs	REACTOME_CELLULAR_RESPONSE_TO_HYPOXIA	REACTOME_THE_ROLE_OF_GTSE1_IN_G2_M_PROGRESSION_AFTER_G2_CHECKPOINT	0.533333333333333
Reactome 2026.1.Hs	REACTOME_CELLULAR_RESPONSE_TO_HYPOXIA	REACTOME_DEGRADATION_OF_DVL	0.6
Reactome 2026.1.Hs	REACTOME_CELLULAR_RESPONSE_TO_HYPOXIA	REACTOME_DEGRADATION_OF_CRY_AND_PER_PROTEINS	0.576271186440678
Reactome 2026.1.Hs	REACTOME_CELLULAR_RESPONSE_TO_HYPOXIA	REACTOME_ORC1_REMOVAL_FROM_CHROMATIN	0.532258064516129
Reactome 2026.1.Hs	REACTOME_CELLULAR_RESPONSE_TO_HYPOXIA	REACTOME_UBIQUITIN_DEPENDENT_DEGRADATION_OF_CYCLIN_D	0.60377358490566
Reactome 2026.1.Hs	REACTOME_CELLULAR_RESPONSE_TO_HYPOXIA	REACTOME_DOWNSTREAM_SIGNALING_EVENTS_OF_B_CELL_RECEPTOR_BCR	0.421052631578947
Reactome 2026.1.Hs	REACTOME_CELLULAR_RESPONSE_TO_HYPOXIA	REACTOME_ABC_FAMILY_PROTEINS_MEDIATED_TRANSPORT	0.432432432432432
Reactome 2026.1.Hs	REACTOME_CELLULAR_RESPONSE_TO_HYPOXIA	REACTOME_SPOP_MEDIATED_PROTEASOMAL_DEGRADATION_OF_PD_L1_CD274	0.568965517241379
Reactome 2026.1.Hs	REACTOME_CELLULAR_RESPONSE_TO_HYPOXIA	REACTOME_HEDGEHOG_LIGAND_BIOGENESIS	0.516129032258065
Reactome 2026.1.Hs	REACTOME_CELLULAR_RESPONSE_TO_HYPOXIA	REACTOME_REGULATION_OF_ORNITHINE_DECARBOXYLASE_ODC	0.491228070175439
Reactome 2026.1.Hs	REACTOME_CELLULAR_RESPONSE_TO_HYPOXIA	REACTOME_DEGRADATION_OF_GLI1_BY_THE_PROTEASOME	0.55
Reactome 2026.1.Hs	REACTOME_CELLULAR_RESPONSE_TO_HYPOXIA	REACTOME_REGULATION_OF_PTEN_STABILITY_AND_ACTIVITY	0.484848484848485
Reactome 2026.1.Hs	REACTOME_CELLULAR_RESPONSE_TO_HYPOXIA	REACTOME_SCF_BETA_TRCP_MEDIATED_DEGRADATION_OF_EMI1	0.571428571428571
Reactome 2026.1.Hs	REACTOME_CELLULAR_RESPONSE_TO_HYPOXIA	REACTOME_REGULATION_OF_APOPTOSIS	0.592592592592593
Reactome 2026.1.Hs	REACTOME_VIF_MEDIATED_DEGRADATION_OF_APOBEC3G	REACTOME_GSK3B_MEDIATED_PROTEASOMAL_DEGRADATION_OF_PD_L1_CD274	0.804878048780488
Reactome 2026.1.Hs	REACTOME_VIF_MEDIATED_DEGRADATION_OF_APOBEC3G	REACTOME_SCF_SKP2_MEDIATED_DEGRADATION_OF_P27_P21	0.761904761904762
Reactome 2026.1.Hs	REACTOME_VIF_MEDIATED_DEGRADATION_OF_APOBEC3G	REACTOME_ANTIGEN_PROCESSING_CROSS_PRESENTATION	0.477611940298507
Reactome 2026.1.Hs	REACTOME_VIF_MEDIATED_DEGRADATION_OF_APOBEC3G	REACTOME_FBXL7_DOWN_REGULATES_AURKA_DURING_MITOTIC_ENTRY_AND_IN_EARLY_MITOSIS	0.846153846153846
Reactome 2026.1.Hs	REACTOME_VIF_MEDIATED_DEGRADATION_OF_APOBEC3G	REACTOME_HH_MUTANTS_ABROGATE_LIGAND_SECRETION	0.761904761904762
Reactome 2026.1.Hs	REACTOME_VIF_MEDIATED_DEGRADATION_OF_APOBEC3G	REACTOME_THE_ROLE_OF_GTSE1_IN_G2_M_PROGRESSION_AFTER_G2_CHECKPOINT	0.727272727272727
Reactome 2026.1.Hs	REACTOME_VIF_MEDIATED_DEGRADATION_OF_APOBEC3G	REACTOME_DEGRADATION_OF_DVL	0.846153846153846
Reactome 2026.1.Hs	REACTOME_VIF_MEDIATED_DEGRADATION_OF_APOBEC3G	REACTOME_DEGRADATION_OF_CRY_AND_PER_PROTEINS	0.75
Reactome 2026.1.Hs	REACTOME_VIF_MEDIATED_DEGRADATION_OF_APOBEC3G	REACTOME_ORC1_REMOVAL_FROM_CHROMATIN	0.717391304347826
Reactome 2026.1.Hs	REACTOME_VIF_MEDIATED_DEGRADATION_OF_APOBEC3G	REACTOME_UBIQUITIN_DEPENDENT_DEGRADATION_OF_CYCLIN_D	0.864864864864865
Reactome 2026.1.Hs	REACTOME_VIF_MEDIATED_DEGRADATION_OF_APOBEC3G	REACTOME_DOWNSTREAM_SIGNALING_EVENTS_OF_B_CELL_RECEPTOR_BCR	0.533333333333333
Reactome 2026.1.Hs	REACTOME_VIF_MEDIATED_DEGRADATION_OF_APOBEC3G	REACTOME_ABC_FAMILY_PROTEINS_MEDIATED_TRANSPORT	0.551724137931034
Reactome 2026.1.Hs	REACTOME_VIF_MEDIATED_DEGRADATION_OF_APOBEC3G	REACTOME_SPOP_MEDIATED_PROTEASOMAL_DEGRADATION_OF_PD_L1_CD274	0.785714285714286
Reactome 2026.1.Hs	REACTOME_VIF_MEDIATED_DEGRADATION_OF_APOBEC3G	REACTOME_HEDGEHOG_LIGAND_BIOGENESIS	0.695652173913043
Reactome 2026.1.Hs	REACTOME_VIF_MEDIATED_DEGRADATION_OF_APOBEC3G	REACTOME_REGULATION_OF_ORNITHINE_DECARBOXYLASE_ODC	0.682926829268293
Reactome 2026.1.Hs	REACTOME_VIF_MEDIATED_DEGRADATION_OF_APOBEC3G	REACTOME_DEGRADATION_OF_GLI1_BY_THE_PROTEASOME	0.75
Reactome 2026.1.Hs	REACTOME_VIF_MEDIATED_DEGRADATION_OF_APOBEC3G	REACTOME_REGULATION_OF_PTEN_STABILITY_AND_ACTIVITY	0.64
Reactome 2026.1.Hs	REACTOME_VIF_MEDIATED_DEGRADATION_OF_APOBEC3G	REACTOME_SCF_BETA_TRCP_MEDIATED_DEGRADATION_OF_EMI1	0.8
Reactome 2026.1.Hs	REACTOME_VIF_MEDIATED_DEGRADATION_OF_APOBEC3G	REACTOME_REGULATION_OF_APOPTOSIS	0.842105263157895
Reactome 2026.1.Hs	REACTOME_INTERLEUKIN_12_SIGNALING	REACTOME_INTERLEUKIN_12_FAMILY_SIGNALING	0.882352941176471
Reactome 2026.1.Hs	REACTOME_E3_UBIQUITIN_LIGASES_UBIQUITINATE_TARGET_PROTEINS	REACTOME_PROTEIN_UBIQUITINATION	0.709090909090909
Reactome 2026.1.Hs	REACTOME_GSK3B_MEDIATED_PROTEASOMAL_DEGRADATION_OF_PD_L1_CD274	REACTOME_SCF_SKP2_MEDIATED_DEGRADATION_OF_P27_P21	0.80952380952381
Reactome 2026.1.Hs	REACTOME_GSK3B_MEDIATED_PROTEASOMAL_DEGRADATION_OF_PD_L1_CD274	REACTOME_ANTIGEN_PROCESSING_CROSS_PRESENTATION	0.463768115942029
Reactome 2026.1.Hs	REACTOME_GSK3B_MEDIATED_PROTEASOMAL_DEGRADATION_OF_PD_L1_CD274	REACTOME_FBXL7_DOWN_REGULATES_AURKA_DURING_MITOTIC_ENTRY_AND_IN_EARLY_MITOSIS	0.897435897435897
Reactome 2026.1.Hs	REACTOME_GSK3B_MEDIATED_PROTEASOMAL_DEGRADATION_OF_PD_L1_CD274	REACTOME_HH_MUTANTS_ABROGATE_LIGAND_SECRETION	0.727272727272727
Reactome 2026.1.Hs	REACTOME_GSK3B_MEDIATED_PROTEASOMAL_DEGRADATION_OF_PD_L1_CD274	REACTOME_THE_ROLE_OF_GTSE1_IN_G2_M_PROGRESSION_AFTER_G2_CHECKPOINT	0.695652173913043
Reactome 2026.1.Hs	REACTOME_GSK3B_MEDIATED_PROTEASOMAL_DEGRADATION_OF_PD_L1_CD274	REACTOME_DEGRADATION_OF_DVL	0.804878048780488
Reactome 2026.1.Hs	REACTOME_GSK3B_MEDIATED_PROTEASOMAL_DEGRADATION_OF_PD_L1_CD274	REACTOME_DEGRADATION_OF_CRY_AND_PER_PROTEINS	0.837209302325581
Reactome 2026.1.Hs	REACTOME_GSK3B_MEDIATED_PROTEASOMAL_DEGRADATION_OF_PD_L1_CD274	REACTOME_ORC1_REMOVAL_FROM_CHROMATIN	0.760869565217391
Reactome 2026.1.Hs	REACTOME_GSK3B_MEDIATED_PROTEASOMAL_DEGRADATION_OF_PD_L1_CD274	REACTOME_UBIQUITIN_DEPENDENT_DEGRADATION_OF_CYCLIN_D	0.868421052631579
Reactome 2026.1.Hs	REACTOME_GSK3B_MEDIATED_PROTEASOMAL_DEGRADATION_OF_PD_L1_CD274	REACTOME_DOWNSTREAM_SIGNALING_EVENTS_OF_B_CELL_RECEPTOR_BCR	0.593220338983051
Reactome 2026.1.Hs	REACTOME_GSK3B_MEDIATED_PROTEASOMAL_DEGRADATION_OF_PD_L1_CD274	REACTOME_ABC_FAMILY_PROTEINS_MEDIATED_TRANSPORT	0.533333333333333
Reactome 2026.1.Hs	REACTOME_GSK3B_MEDIATED_PROTEASOMAL_DEGRADATION_OF_PD_L1_CD274	REACTOME_SPOP_MEDIATED_PROTEASOMAL_DEGRADATION_OF_PD_L1_CD274	0.75
Reactome 2026.1.Hs	REACTOME_GSK3B_MEDIATED_PROTEASOMAL_DEGRADATION_OF_PD_L1_CD274	REACTOME_HEDGEHOG_LIGAND_BIOGENESIS	0.666666666666667
Reactome 2026.1.Hs	REACTOME_GSK3B_MEDIATED_PROTEASOMAL_DEGRADATION_OF_PD_L1_CD274	REACTOME_REGULATION_OF_ORNITHINE_DECARBOXYLASE_ODC	0.651162790697674
Reactome 2026.1.Hs	REACTOME_GSK3B_MEDIATED_PROTEASOMAL_DEGRADATION_OF_PD_L1_CD274	REACTOME_DEGRADATION_OF_GLI1_BY_THE_PROTEASOME	0.837209302325581
Reactome 2026.1.Hs	REACTOME_GSK3B_MEDIATED_PROTEASOMAL_DEGRADATION_OF_PD_L1_CD274	REACTOME_REGULATION_OF_PTEN_STABILITY_AND_ACTIVITY	0.615384615384615
Reactome 2026.1.Hs	REACTOME_GSK3B_MEDIATED_PROTEASOMAL_DEGRADATION_OF_PD_L1_CD274	REACTOME_SCF_BETA_TRCP_MEDIATED_DEGRADATION_OF_EMI1	0.897435897435897
Reactome 2026.1.Hs	REACTOME_GSK3B_MEDIATED_PROTEASOMAL_DEGRADATION_OF_PD_L1_CD274	REACTOME_REGULATION_OF_APOPTOSIS	0.8
Reactome 2026.1.Hs	REACTOME_SCF_SKP2_MEDIATED_DEGRADATION_OF_P27_P21	REACTOME_ANTIGEN_PROCESSING_CROSS_PRESENTATION	0.463768115942029
Reactome 2026.1.Hs	REACTOME_SCF_SKP2_MEDIATED_DEGRADATION_OF_P27_P21	REACTOME_FBXL7_DOWN_REGULATES_AURKA_DURING_MITOTIC_ENTRY_AND_IN_EARLY_MITOSIS	0.85
Reactome 2026.1.Hs	REACTOME_SCF_SKP2_MEDIATED_DEGRADATION_OF_P27_P21	REACTOME_HH_MUTANTS_ABROGATE_LIGAND_SECRETION	0.727272727272727
Reactome 2026.1.Hs	REACTOME_SCF_SKP2_MEDIATED_DEGRADATION_OF_P27_P21	REACTOME_THE_ROLE_OF_GTSE1_IN_G2_M_PROGRESSION_AFTER_G2_CHECKPOINT	0.733333333333333
Reactome 2026.1.Hs	REACTOME_SCF_SKP2_MEDIATED_DEGRADATION_OF_P27_P21	REACTOME_DEGRADATION_OF_DVL	0.761904761904762
Reactome 2026.1.Hs	REACTOME_SCF_SKP2_MEDIATED_DEGRADATION_OF_P27_P21	REACTOME_DEGRADATION_OF_CRY_AND_PER_PROTEINS	0.755555555555556
Reactome 2026.1.Hs	REACTOME_SCF_SKP2_MEDIATED_DEGRADATION_OF_P27_P21	REACTOME_ORC1_REMOVAL_FROM_CHROMATIN	0.723404255319149
Reactome 2026.1.Hs	REACTOME_SCF_SKP2_MEDIATED_DEGRADATION_OF_P27_P21	REACTOME_UBIQUITIN_DEPENDENT_DEGRADATION_OF_CYCLIN_D	0.82051282051282
Reactome 2026.1.Hs	REACTOME_SCF_SKP2_MEDIATED_DEGRADATION_OF_P27_P21	REACTOME_DOWNSTREAM_SIGNALING_EVENTS_OF_B_CELL_RECEPTOR_BCR	0.566666666666667
Reactome 2026.1.Hs	REACTOME_SCF_SKP2_MEDIATED_DEGRADATION_OF_P27_P21	REACTOME_ABC_FAMILY_PROTEINS_MEDIATED_TRANSPORT	0.533333333333333
Reactome 2026.1.Hs	REACTOME_SCF_SKP2_MEDIATED_DEGRADATION_OF_P27_P21	REACTOME_SPOP_MEDIATED_PROTEASOMAL_DEGRADATION_OF_PD_L1_CD274	0.711111111111111
Reactome 2026.1.Hs	REACTOME_SCF_SKP2_MEDIATED_DEGRADATION_OF_P27_P21	REACTOME_HEDGEHOG_LIGAND_BIOGENESIS	0.666666666666667
Reactome 2026.1.Hs	REACTOME_SCF_SKP2_MEDIATED_DEGRADATION_OF_P27_P21	REACTOME_REGULATION_OF_ORNITHINE_DECARBOXYLASE_ODC	0.651162790697674
Reactome 2026.1.Hs	REACTOME_SCF_SKP2_MEDIATED_DEGRADATION_OF_P27_P21	REACTOME_DEGRADATION_OF_GLI1_BY_THE_PROTEASOME	0.755555555555556
Reactome 2026.1.Hs	REACTOME_SCF_SKP2_MEDIATED_DEGRADATION_OF_P27_P21	REACTOME_REGULATION_OF_PTEN_STABILITY_AND_ACTIVITY	0.615384615384615
Reactome 2026.1.Hs	REACTOME_SCF_SKP2_MEDIATED_DEGRADATION_OF_P27_P21	REACTOME_SCF_BETA_TRCP_MEDIATED_DEGRADATION_OF_EMI1	0.85
Reactome 2026.1.Hs	REACTOME_SCF_SKP2_MEDIATED_DEGRADATION_OF_P27_P21	REACTOME_REGULATION_OF_APOPTOSIS	0.8
Reactome 2026.1.Hs	REACTOME_ANTIGEN_PROCESSING_CROSS_PRESENTATION	REACTOME_FBXL7_DOWN_REGULATES_AURKA_DURING_MITOTIC_ENTRY_AND_IN_EARLY_MITOSIS	0.477611940298507
Reactome 2026.1.Hs	REACTOME_ANTIGEN_PROCESSING_CROSS_PRESENTATION	REACTOME_HH_MUTANTS_ABROGATE_LIGAND_SECRETION	0.463768115942029
Reactome 2026.1.Hs	REACTOME_ANTIGEN_PROCESSING_CROSS_PRESENTATION	REACTOME_THE_ROLE_OF_GTSE1_IN_G2_M_PROGRESSION_AFTER_G2_CHECKPOINT	0.450704225352113
Reactome 2026.1.Hs	REACTOME_ANTIGEN_PROCESSING_CROSS_PRESENTATION	REACTOME_DEGRADATION_OF_DVL	0.477611940298507
Reactome 2026.1.Hs	REACTOME_ANTIGEN_PROCESSING_CROSS_PRESENTATION	REACTOME_DEGRADATION_OF_CRY_AND_PER_PROTEINS	0.444444444444444
Reactome 2026.1.Hs	REACTOME_ANTIGEN_PROCESSING_CROSS_PRESENTATION	REACTOME_ORC1_REMOVAL_FROM_CHROMATIN	0.432432432432432
Reactome 2026.1.Hs	REACTOME_ANTIGEN_PROCESSING_CROSS_PRESENTATION	REACTOME_UBIQUITIN_DEPENDENT_DEGRADATION_OF_CYCLIN_D	0.5
Reactome 2026.1.Hs	REACTOME_ANTIGEN_PROCESSING_CROSS_PRESENTATION	REACTOME_DOWNSTREAM_SIGNALING_EVENTS_OF_B_CELL_RECEPTOR_BCR	0.4
Reactome 2026.1.Hs	REACTOME_ANTIGEN_PROCESSING_CROSS_PRESENTATION	REACTOME_ABC_FAMILY_PROTEINS_MEDIATED_TRANSPORT	0.376470588235294
Reactome 2026.1.Hs	REACTOME_ANTIGEN_PROCESSING_CROSS_PRESENTATION	REACTOME_SPOP_MEDIATED_PROTEASOMAL_DEGRADATION_OF_PD_L1_CD274	0.457142857142857
Reactome 2026.1.Hs	REACTOME_ANTIGEN_PROCESSING_CROSS_PRESENTATION	REACTOME_HEDGEHOG_LIGAND_BIOGENESIS	0.438356164383562
Reactome 2026.1.Hs	REACTOME_ANTIGEN_PROCESSING_CROSS_PRESENTATION	REACTOME_REGULATION_OF_ORNITHINE_DECARBOXYLASE_ODC	0.411764705882353
Reactome 2026.1.Hs	REACTOME_ANTIGEN_PROCESSING_CROSS_PRESENTATION	REACTOME_DEGRADATION_OF_GLI1_BY_THE_PROTEASOME	0.444444444444444
Reactome 2026.1.Hs	REACTOME_ANTIGEN_PROCESSING_CROSS_PRESENTATION	REACTOME_REGULATION_OF_PTEN_STABILITY_AND_ACTIVITY	0.415584415584416
Reactome 2026.1.Hs	REACTOME_ANTIGEN_PROCESSING_CROSS_PRESENTATION	REACTOME_SCF_BETA_TRCP_MEDIATED_DEGRADATION_OF_EMI1	0.477611940298507
Reactome 2026.1.Hs	REACTOME_ANTIGEN_PROCESSING_CROSS_PRESENTATION	REACTOME_REGULATION_OF_APOPTOSIS	0.492307692307692
Reactome 2026.1.Hs	REACTOME_MRNA_SPLICING	REACTOME_MRNA_POLYADENYLATION	0.434782608695652
Reactome 2026.1.Hs	REACTOME_MRNA_SPLICING	REACTOME_DENGUE_VIRUS_INFECTION	0.324404761904762
Reactome 2026.1.Hs	REACTOME_MRNA_POLYADENYLATION	REACTOME_DENGUE_VIRUS_INFECTION	0.340425531914894
Reactome 2026.1.Hs	REACTOME_FBXL7_DOWN_REGULATES_AURKA_DURING_MITOTIC_ENTRY_AND_IN_EARLY_MITOSIS	REACTOME_HH_MUTANTS_ABROGATE_LIGAND_SECRETION	0.761904761904762
Reactome 2026.1.Hs	REACTOME_FBXL7_DOWN_REGULATES_AURKA_DURING_MITOTIC_ENTRY_AND_IN_EARLY_MITOSIS	REACTOME_THE_ROLE_OF_GTSE1_IN_G2_M_PROGRESSION_AFTER_G2_CHECKPOINT	0.727272727272727
Reactome 2026.1.Hs	REACTOME_FBXL7_DOWN_REGULATES_AURKA_DURING_MITOTIC_ENTRY_AND_IN_EARLY_MITOSIS	REACTOME_DEGRADATION_OF_DVL	0.846153846153846
Reactome 2026.1.Hs	REACTOME_FBXL7_DOWN_REGULATES_AURKA_DURING_MITOTIC_ENTRY_AND_IN_EARLY_MITOSIS	REACTOME_DEGRADATION_OF_CRY_AND_PER_PROTEINS	0.833333333333333
Reactome 2026.1.Hs	REACTOME_FBXL7_DOWN_REGULATES_AURKA_DURING_MITOTIC_ENTRY_AND_IN_EARLY_MITOSIS	REACTOME_ORC1_REMOVAL_FROM_CHROMATIN	0.795454545454545
Reactome 2026.1.Hs	REACTOME_FBXL7_DOWN_REGULATES_AURKA_DURING_MITOTIC_ENTRY_AND_IN_EARLY_MITOSIS	REACTOME_UBIQUITIN_DEPENDENT_DEGRADATION_OF_CYCLIN_D	0.864864864864865
Reactome 2026.1.Hs	REACTOME_FBXL7_DOWN_REGULATES_AURKA_DURING_MITOTIC_ENTRY_AND_IN_EARLY_MITOSIS	REACTOME_DOWNSTREAM_SIGNALING_EVENTS_OF_B_CELL_RECEPTOR_BCR	0.586206896551724
Reactome 2026.1.Hs	REACTOME_FBXL7_DOWN_REGULATES_AURKA_DURING_MITOTIC_ENTRY_AND_IN_EARLY_MITOSIS	REACTOME_ABC_FAMILY_PROTEINS_MEDIATED_TRANSPORT	0.551724137931034
Reactome 2026.1.Hs	REACTOME_FBXL7_DOWN_REGULATES_AURKA_DURING_MITOTIC_ENTRY_AND_IN_EARLY_MITOSIS	REACTOME_SPOP_MEDIATED_PROTEASOMAL_DEGRADATION_OF_PD_L1_CD274	0.785714285714286
Reactome 2026.1.Hs	REACTOME_FBXL7_DOWN_REGULATES_AURKA_DURING_MITOTIC_ENTRY_AND_IN_EARLY_MITOSIS	REACTOME_HEDGEHOG_LIGAND_BIOGENESIS	0.695652173913043
Reactome 2026.1.Hs	REACTOME_FBXL7_DOWN_REGULATES_AURKA_DURING_MITOTIC_ENTRY_AND_IN_EARLY_MITOSIS	REACTOME_REGULATION_OF_ORNITHINE_DECARBOXYLASE_ODC	0.682926829268293
Reactome 2026.1.Hs	REACTOME_FBXL7_DOWN_REGULATES_AURKA_DURING_MITOTIC_ENTRY_AND_IN_EARLY_MITOSIS	REACTOME_DEGRADATION_OF_GLI1_BY_THE_PROTEASOME	0.833333333333333
Reactome 2026.1.Hs	REACTOME_FBXL7_DOWN_REGULATES_AURKA_DURING_MITOTIC_ENTRY_AND_IN_EARLY_MITOSIS	REACTOME_REGULATION_OF_PTEN_STABILITY_AND_ACTIVITY	0.64
Reactome 2026.1.Hs	REACTOME_FBXL7_DOWN_REGULATES_AURKA_DURING_MITOTIC_ENTRY_AND_IN_EARLY_MITOSIS	REACTOME_SCF_BETA_TRCP_MEDIATED_DEGRADATION_OF_EMI1	0.894736842105263
Reactome 2026.1.Hs	REACTOME_FBXL7_DOWN_REGULATES_AURKA_DURING_MITOTIC_ENTRY_AND_IN_EARLY_MITOSIS	REACTOME_REGULATION_OF_APOPTOSIS	0.842105263157895
Reactome 2026.1.Hs	REACTOME_BUDDING_AND_MATURATION_OF_HIV_VIRION	REACTOME_ENDOSOMAL_SORTING_COMPLEX_REQUIRED_FOR_TRANSPORT_ESCRT	0.724137931034483
Reactome 2026.1.Hs	REACTOME_HH_MUTANTS_ABROGATE_LIGAND_SECRETION	REACTOME_THE_ROLE_OF_GTSE1_IN_G2_M_PROGRESSION_AFTER_G2_CHECKPOINT	0.695652173913043
Reactome 2026.1.Hs	REACTOME_HH_MUTANTS_ABROGATE_LIGAND_SECRETION	REACTOME_DEGRADATION_OF_DVL	0.761904761904762
Reactome 2026.1.Hs	REACTOME_HH_MUTANTS_ABROGATE_LIGAND_SECRETION	REACTOME_DEGRADATION_OF_CRY_AND_PER_PROTEINS	0.680851063829787
Reactome 2026.1.Hs	REACTOME_HH_MUTANTS_ABROGATE_LIGAND_SECRETION	REACTOME_ORC1_REMOVAL_FROM_CHROMATIN	0.653061224489796
Reactome 2026.1.Hs	REACTOME_HH_MUTANTS_ABROGATE_LIGAND_SECRETION	REACTOME_UBIQUITIN_DEPENDENT_DEGRADATION_OF_CYCLIN_D	0.82051282051282
Reactome 2026.1.Hs	REACTOME_HH_MUTANTS_ABROGATE_LIGAND_SECRETION	REACTOME_DOWNSTREAM_SIGNALING_EVENTS_OF_B_CELL_RECEPTOR_BCR	0.516129032258065
Reactome 2026.1.Hs	REACTOME_HH_MUTANTS_ABROGATE_LIGAND_SECRETION	REACTOME_ABC_FAMILY_PROTEINS_MEDIATED_TRANSPORT	0.614035087719298
Reactome 2026.1.Hs	REACTOME_HH_MUTANTS_ABROGATE_LIGAND_SECRETION	REACTOME_SPOP_MEDIATED_PROTEASOMAL_DEGRADATION_OF_PD_L1_CD274	0.711111111111111
Reactome 2026.1.Hs	REACTOME_HH_MUTANTS_ABROGATE_LIGAND_SECRETION	REACTOME_HEDGEHOG_LIGAND_BIOGENESIS	0.904761904761905
Reactome 2026.1.Hs	REACTOME_HH_MUTANTS_ABROGATE_LIGAND_SECRETION	REACTOME_REGULATION_OF_ORNITHINE_DECARBOXYLASE_ODC	0.651162790697674
Reactome 2026.1.Hs	REACTOME_HH_MUTANTS_ABROGATE_LIGAND_SECRETION	REACTOME_DEGRADATION_OF_GLI1_BY_THE_PROTEASOME	0.680851063829787
Reactome 2026.1.Hs	REACTOME_HH_MUTANTS_ABROGATE_LIGAND_SECRETION	REACTOME_REGULATION_OF_PTEN_STABILITY_AND_ACTIVITY	0.615384615384615
Reactome 2026.1.Hs	REACTOME_HH_MUTANTS_ABROGATE_LIGAND_SECRETION	REACTOME_SCF_BETA_TRCP_MEDIATED_DEGRADATION_OF_EMI1	0.761904761904762
Reactome 2026.1.Hs	REACTOME_HH_MUTANTS_ABROGATE_LIGAND_SECRETION	REACTOME_REGULATION_OF_APOPTOSIS	0.8
Reactome 2026.1.Hs	REACTOME_THE_ROLE_OF_GTSE1_IN_G2_M_PROGRESSION_AFTER_G2_CHECKPOINT	REACTOME_DEGRADATION_OF_DVL	0.727272727272727
Reactome 2026.1.Hs	REACTOME_THE_ROLE_OF_GTSE1_IN_G2_M_PROGRESSION_AFTER_G2_CHECKPOINT	REACTOME_DEGRADATION_OF_CRY_AND_PER_PROTEINS	0.653061224489796
Reactome 2026.1.Hs	REACTOME_THE_ROLE_OF_GTSE1_IN_G2_M_PROGRESSION_AFTER_G2_CHECKPOINT	REACTOME_ORC1_REMOVAL_FROM_CHROMATIN	0.627450980392157
Reactome 2026.1.Hs	REACTOME_THE_ROLE_OF_GTSE1_IN_G2_M_PROGRESSION_AFTER_G2_CHECKPOINT	REACTOME_UBIQUITIN_DEPENDENT_DEGRADATION_OF_CYCLIN_D	0.780487804878049
Reactome 2026.1.Hs	REACTOME_THE_ROLE_OF_GTSE1_IN_G2_M_PROGRESSION_AFTER_G2_CHECKPOINT	REACTOME_DOWNSTREAM_SIGNALING_EVENTS_OF_B_CELL_RECEPTOR_BCR	0.5
Reactome 2026.1.Hs	REACTOME_THE_ROLE_OF_GTSE1_IN_G2_M_PROGRESSION_AFTER_G2_CHECKPOINT	REACTOME_ABC_FAMILY_PROTEINS_MEDIATED_TRANSPORT	0.516129032258065
Reactome 2026.1.Hs	REACTOME_THE_ROLE_OF_GTSE1_IN_G2_M_PROGRESSION_AFTER_G2_CHECKPOINT	REACTOME_SPOP_MEDIATED_PROTEASOMAL_DEGRADATION_OF_PD_L1_CD274	0.680851063829787
Reactome 2026.1.Hs	REACTOME_THE_ROLE_OF_GTSE1_IN_G2_M_PROGRESSION_AFTER_G2_CHECKPOINT	REACTOME_HEDGEHOG_LIGAND_BIOGENESIS	0.64
Reactome 2026.1.Hs	REACTOME_THE_ROLE_OF_GTSE1_IN_G2_M_PROGRESSION_AFTER_G2_CHECKPOINT	REACTOME_REGULATION_OF_ORNITHINE_DECARBOXYLASE_ODC	0.622222222222222
Reactome 2026.1.Hs	REACTOME_THE_ROLE_OF_GTSE1_IN_G2_M_PROGRESSION_AFTER_G2_CHECKPOINT	REACTOME_DEGRADATION_OF_GLI1_BY_THE_PROTEASOME	0.653061224489796
Reactome 2026.1.Hs	REACTOME_THE_ROLE_OF_GTSE1_IN_G2_M_PROGRESSION_AFTER_G2_CHECKPOINT	REACTOME_REGULATION_OF_PTEN_STABILITY_AND_ACTIVITY	0.592592592592593
Reactome 2026.1.Hs	REACTOME_THE_ROLE_OF_GTSE1_IN_G2_M_PROGRESSION_AFTER_G2_CHECKPOINT	REACTOME_SCF_BETA_TRCP_MEDIATED_DEGRADATION_OF_EMI1	0.727272727272727
Reactome 2026.1.Hs	REACTOME_THE_ROLE_OF_GTSE1_IN_G2_M_PROGRESSION_AFTER_G2_CHECKPOINT	REACTOME_REGULATION_OF_APOPTOSIS	0.761904761904762
Reactome 2026.1.Hs	REACTOME_DEGRADATION_OF_DVL	REACTOME_DEGRADATION_OF_CRY_AND_PER_PROTEINS	0.75
Reactome 2026.1.Hs	REACTOME_DEGRADATION_OF_DVL	REACTOME_ORC1_REMOVAL_FROM_CHROMATIN	0.717391304347826
Reactome 2026.1.Hs	REACTOME_DEGRADATION_OF_DVL	REACTOME_UBIQUITIN_DEPENDENT_DEGRADATION_OF_CYCLIN_D	0.864864864864865
Reactome 2026.1.Hs	REACTOME_DEGRADATION_OF_DVL	REACTOME_DOWNSTREAM_SIGNALING_EVENTS_OF_B_CELL_RECEPTOR_BCR	0.533333333333333
Reactome 2026.1.Hs	REACTOME_DEGRADATION_OF_DVL	REACTOME_ABC_FAMILY_PROTEINS_MEDIATED_TRANSPORT	0.551724137931034
Reactome 2026.1.Hs	REACTOME_DEGRADATION_OF_DVL	REACTOME_SPOP_MEDIATED_PROTEASOMAL_DEGRADATION_OF_PD_L1_CD274	0.829268292682927
Reactome 2026.1.Hs	REACTOME_DEGRADATION_OF_DVL	REACTOME_HEDGEHOG_LIGAND_BIOGENESIS	0.695652173913043
Reactome 2026.1.Hs	REACTOME_DEGRADATION_OF_DVL	REACTOME_REGULATION_OF_ORNITHINE_DECARBOXYLASE_ODC	0.682926829268293
Reactome 2026.1.Hs	REACTOME_DEGRADATION_OF_DVL	REACTOME_DEGRADATION_OF_GLI1_BY_THE_PROTEASOME	0.75
Reactome 2026.1.Hs	REACTOME_DEGRADATION_OF_DVL	REACTOME_REGULATION_OF_PTEN_STABILITY_AND_ACTIVITY	0.64
Reactome 2026.1.Hs	REACTOME_DEGRADATION_OF_DVL	REACTOME_SCF_BETA_TRCP_MEDIATED_DEGRADATION_OF_EMI1	0.8
Reactome 2026.1.Hs	REACTOME_DEGRADATION_OF_DVL	REACTOME_REGULATION_OF_APOPTOSIS	0.842105263157895
Reactome 2026.1.Hs	REACTOME_DEGRADATION_OF_CRY_AND_PER_PROTEINS	REACTOME_ORC1_REMOVAL_FROM_CHROMATIN	0.714285714285714
Reactome 2026.1.Hs	REACTOME_DEGRADATION_OF_CRY_AND_PER_PROTEINS	REACTOME_UBIQUITIN_DEPENDENT_DEGRADATION_OF_CYCLIN_D	0.761904761904762
Reactome 2026.1.Hs	REACTOME_DEGRADATION_OF_CRY_AND_PER_PROTEINS	REACTOME_DOWNSTREAM_SIGNALING_EVENTS_OF_B_CELL_RECEPTOR_BCR	0.590163934426229
Reactome 2026.1.Hs	REACTOME_DEGRADATION_OF_CRY_AND_PER_PROTEINS	REACTOME_ABC_FAMILY_PROTEINS_MEDIATED_TRANSPORT	0.507936507936508
Reactome 2026.1.Hs	REACTOME_DEGRADATION_OF_CRY_AND_PER_PROTEINS	REACTOME_SPOP_MEDIATED_PROTEASOMAL_DEGRADATION_OF_PD_L1_CD274	0.702127659574468
Reactome 2026.1.Hs	REACTOME_DEGRADATION_OF_CRY_AND_PER_PROTEINS	REACTOME_HEDGEHOG_LIGAND_BIOGENESIS	0.627450980392157
Reactome 2026.1.Hs	REACTOME_DEGRADATION_OF_CRY_AND_PER_PROTEINS	REACTOME_REGULATION_OF_ORNITHINE_DECARBOXYLASE_ODC	0.608695652173913
Reactome 2026.1.Hs	REACTOME_DEGRADATION_OF_CRY_AND_PER_PROTEINS	REACTOME_DEGRADATION_OF_GLI1_BY_THE_PROTEASOME	0.782608695652174
Reactome 2026.1.Hs	REACTOME_DEGRADATION_OF_CRY_AND_PER_PROTEINS	REACTOME_REGULATION_OF_PTEN_STABILITY_AND_ACTIVITY	0.581818181818182
Reactome 2026.1.Hs	REACTOME_DEGRADATION_OF_CRY_AND_PER_PROTEINS	REACTOME_SCF_BETA_TRCP_MEDIATED_DEGRADATION_OF_EMI1	0.833333333333333
Reactome 2026.1.Hs	REACTOME_DEGRADATION_OF_CRY_AND_PER_PROTEINS	REACTOME_REGULATION_OF_APOPTOSIS	0.744186046511628
Reactome 2026.1.Hs	REACTOME_ORC1_REMOVAL_FROM_CHROMATIN	REACTOME_UBIQUITIN_DEPENDENT_DEGRADATION_OF_CYCLIN_D	0.727272727272727
Reactome 2026.1.Hs	REACTOME_ORC1_REMOVAL_FROM_CHROMATIN	REACTOME_DOWNSTREAM_SIGNALING_EVENTS_OF_B_CELL_RECEPTOR_BCR	0.523076923076923
Reactome 2026.1.Hs	REACTOME_ORC1_REMOVAL_FROM_CHROMATIN	REACTOME_ABC_FAMILY_PROTEINS_MEDIATED_TRANSPORT	0.492307692307692
Reactome 2026.1.Hs	REACTOME_ORC1_REMOVAL_FROM_CHROMATIN	REACTOME_SPOP_MEDIATED_PROTEASOMAL_DEGRADATION_OF_PD_L1_CD274	0.673469387755102
Reactome 2026.1.Hs	REACTOME_ORC1_REMOVAL_FROM_CHROMATIN	REACTOME_HEDGEHOG_LIGAND_BIOGENESIS	0.60377358490566
Reactome 2026.1.Hs	REACTOME_ORC1_REMOVAL_FROM_CHROMATIN	REACTOME_REGULATION_OF_ORNITHINE_DECARBOXYLASE_ODC	0.583333333333333
Reactome 2026.1.Hs	REACTOME_ORC1_REMOVAL_FROM_CHROMATIN	REACTOME_DEGRADATION_OF_GLI1_BY_THE_PROTEASOME	0.714285714285714
Reactome 2026.1.Hs	REACTOME_ORC1_REMOVAL_FROM_CHROMATIN	REACTOME_REGULATION_OF_PTEN_STABILITY_AND_ACTIVITY	0.56140350877193
Reactome 2026.1.Hs	REACTOME_ORC1_REMOVAL_FROM_CHROMATIN	REACTOME_SCF_BETA_TRCP_MEDIATED_DEGRADATION_OF_EMI1	0.755555555555556
Reactome 2026.1.Hs	REACTOME_ORC1_REMOVAL_FROM_CHROMATIN	REACTOME_REGULATION_OF_APOPTOSIS	0.711111111111111
Reactome 2026.1.Hs	REACTOME_UBIQUITIN_DEPENDENT_DEGRADATION_OF_CYCLIN_D	REACTOME_DOWNSTREAM_SIGNALING_EVENTS_OF_B_CELL_RECEPTOR_BCR	0.56140350877193
Reactome 2026.1.Hs	REACTOME_UBIQUITIN_DEPENDENT_DEGRADATION_OF_CYCLIN_D	REACTOME_ABC_FAMILY_PROTEINS_MEDIATED_TRANSPORT	0.581818181818182
Reactome 2026.1.Hs	REACTOME_UBIQUITIN_DEPENDENT_DEGRADATION_OF_CYCLIN_D	REACTOME_SPOP_MEDIATED_PROTEASOMAL_DEGRADATION_OF_PD_L1_CD274	0.8
Reactome 2026.1.Hs	REACTOME_UBIQUITIN_DEPENDENT_DEGRADATION_OF_CYCLIN_D	REACTOME_HEDGEHOG_LIGAND_BIOGENESIS	0.744186046511628
Reactome 2026.1.Hs	REACTOME_UBIQUITIN_DEPENDENT_DEGRADATION_OF_CYCLIN_D	REACTOME_REGULATION_OF_ORNITHINE_DECARBOXYLASE_ODC	0.736842105263158
Reactome 2026.1.Hs	REACTOME_UBIQUITIN_DEPENDENT_DEGRADATION_OF_CYCLIN_D	REACTOME_DEGRADATION_OF_GLI1_BY_THE_PROTEASOME	0.761904761904762
Reactome 2026.1.Hs	REACTOME_UBIQUITIN_DEPENDENT_DEGRADATION_OF_CYCLIN_D	REACTOME_REGULATION_OF_PTEN_STABILITY_AND_ACTIVITY	0.680851063829787
Reactome 2026.1.Hs	REACTOME_UBIQUITIN_DEPENDENT_DEGRADATION_OF_CYCLIN_D	REACTOME_SCF_BETA_TRCP_MEDIATED_DEGRADATION_OF_EMI1	0.864864864864865
Reactome 2026.1.Hs	REACTOME_UBIQUITIN_DEPENDENT_DEGRADATION_OF_CYCLIN_D	REACTOME_REGULATION_OF_APOPTOSIS	0.914285714285714
Reactome 2026.1.Hs	REACTOME_DOWNSTREAM_SIGNALING_EVENTS_OF_B_CELL_RECEPTOR_BCR	REACTOME_ABC_FAMILY_PROTEINS_MEDIATED_TRANSPORT	0.41025641025641
Reactome 2026.1.Hs	REACTOME_DOWNSTREAM_SIGNALING_EVENTS_OF_B_CELL_RECEPTOR_BCR	REACTOME_SPOP_MEDIATED_PROTEASOMAL_DEGRADATION_OF_PD_L1_CD274	0.507936507936508
Reactome 2026.1.Hs	REACTOME_DOWNSTREAM_SIGNALING_EVENTS_OF_B_CELL_RECEPTOR_BCR	REACTOME_HEDGEHOG_LIGAND_BIOGENESIS	0.484848484848485
Reactome 2026.1.Hs	REACTOME_DOWNSTREAM_SIGNALING_EVENTS_OF_B_CELL_RECEPTOR_BCR	REACTOME_REGULATION_OF_ORNITHINE_DECARBOXYLASE_ODC	0.459016393442623
Reactome 2026.1.Hs	REACTOME_DOWNSTREAM_SIGNALING_EVENTS_OF_B_CELL_RECEPTOR_BCR	REACTOME_DEGRADATION_OF_GLI1_BY_THE_PROTEASOME	0.564516129032258
Reactome 2026.1.Hs	REACTOME_DOWNSTREAM_SIGNALING_EVENTS_OF_B_CELL_RECEPTOR_BCR	REACTOME_REGULATION_OF_PTEN_STABILITY_AND_ACTIVITY	0.457142857142857
Reactome 2026.1.Hs	REACTOME_DOWNSTREAM_SIGNALING_EVENTS_OF_B_CELL_RECEPTOR_BCR	REACTOME_SCF_BETA_TRCP_MEDIATED_DEGRADATION_OF_EMI1	0.614035087719298
Reactome 2026.1.Hs	REACTOME_DOWNSTREAM_SIGNALING_EVENTS_OF_B_CELL_RECEPTOR_BCR	REACTOME_REGULATION_OF_APOPTOSIS	0.551724137931034
Reactome 2026.1.Hs	REACTOME_ABC_FAMILY_PROTEINS_MEDIATED_TRANSPORT	REACTOME_SPOP_MEDIATED_PROTEASOMAL_DEGRADATION_OF_PD_L1_CD274	0.524590163934426
Reactome 2026.1.Hs	REACTOME_ABC_FAMILY_PROTEINS_MEDIATED_TRANSPORT	REACTOME_HEDGEHOG_LIGAND_BIOGENESIS	0.573770491803279
Reactome 2026.1.Hs	REACTOME_ABC_FAMILY_PROTEINS_MEDIATED_TRANSPORT	REACTOME_REGULATION_OF_ORNITHINE_DECARBOXYLASE_ODC	0.474576271186441
Reactome 2026.1.Hs	REACTOME_ABC_FAMILY_PROTEINS_MEDIATED_TRANSPORT	REACTOME_DEGRADATION_OF_GLI1_BY_THE_PROTEASOME	0.507936507936508
Reactome 2026.1.Hs	REACTOME_ABC_FAMILY_PROTEINS_MEDIATED_TRANSPORT	REACTOME_REGULATION_OF_PTEN_STABILITY_AND_ACTIVITY	0.470588235294118
Reactome 2026.1.Hs	REACTOME_ABC_FAMILY_PROTEINS_MEDIATED_TRANSPORT	REACTOME_SCF_BETA_TRCP_MEDIATED_DEGRADATION_OF_EMI1	0.551724137931034
Reactome 2026.1.Hs	REACTOME_ABC_FAMILY_PROTEINS_MEDIATED_TRANSPORT	REACTOME_REGULATION_OF_APOPTOSIS	0.571428571428571
Reactome 2026.1.Hs	REACTOME_SPOP_MEDIATED_PROTEASOMAL_DEGRADATION_OF_PD_L1_CD274	REACTOME_HEDGEHOG_LIGAND_BIOGENESIS	0.653061224489796
Reactome 2026.1.Hs	REACTOME_SPOP_MEDIATED_PROTEASOMAL_DEGRADATION_OF_PD_L1_CD274	REACTOME_REGULATION_OF_ORNITHINE_DECARBOXYLASE_ODC	0.636363636363636
Reactome 2026.1.Hs	REACTOME_SPOP_MEDIATED_PROTEASOMAL_DEGRADATION_OF_PD_L1_CD274	REACTOME_DEGRADATION_OF_GLI1_BY_THE_PROTEASOME	0.702127659574468
Reactome 2026.1.Hs	REACTOME_SPOP_MEDIATED_PROTEASOMAL_DEGRADATION_OF_PD_L1_CD274	REACTOME_REGULATION_OF_PTEN_STABILITY_AND_ACTIVITY	0.7
Reactome 2026.1.Hs	REACTOME_SPOP_MEDIATED_PROTEASOMAL_DEGRADATION_OF_PD_L1_CD274	REACTOME_SCF_BETA_TRCP_MEDIATED_DEGRADATION_OF_EMI1	0.744186046511628
Reactome 2026.1.Hs	REACTOME_SPOP_MEDIATED_PROTEASOMAL_DEGRADATION_OF_PD_L1_CD274	REACTOME_REGULATION_OF_APOPTOSIS	0.780487804878049
Reactome 2026.1.Hs	REACTOME_HEDGEHOG_LIGAND_BIOGENESIS	REACTOME_REGULATION_OF_ORNITHINE_DECARBOXYLASE_ODC	0.595744680851064
Reactome 2026.1.Hs	REACTOME_HEDGEHOG_LIGAND_BIOGENESIS	REACTOME_DEGRADATION_OF_GLI1_BY_THE_PROTEASOME	0.627450980392157
Reactome 2026.1.Hs	REACTOME_HEDGEHOG_LIGAND_BIOGENESIS	REACTOME_REGULATION_OF_PTEN_STABILITY_AND_ACTIVITY	0.571428571428571
Reactome 2026.1.Hs	REACTOME_HEDGEHOG_LIGAND_BIOGENESIS	REACTOME_SCF_BETA_TRCP_MEDIATED_DEGRADATION_OF_EMI1	0.695652173913043
Reactome 2026.1.Hs	REACTOME_HEDGEHOG_LIGAND_BIOGENESIS	REACTOME_REGULATION_OF_APOPTOSIS	0.727272727272727
Reactome 2026.1.Hs	REACTOME_REGULATION_OF_ORNITHINE_DECARBOXYLASE_ODC	REACTOME_DEGRADATION_OF_GLI1_BY_THE_PROTEASOME	0.608695652173913
Reactome 2026.1.Hs	REACTOME_REGULATION_OF_ORNITHINE_DECARBOXYLASE_ODC	REACTOME_REGULATION_OF_PTEN_STABILITY_AND_ACTIVITY	0.549019607843137
Reactome 2026.1.Hs	REACTOME_REGULATION_OF_ORNITHINE_DECARBOXYLASE_ODC	REACTOME_SCF_BETA_TRCP_MEDIATED_DEGRADATION_OF_EMI1	0.682926829268293
Reactome 2026.1.Hs	REACTOME_REGULATION_OF_ORNITHINE_DECARBOXYLASE_ODC	REACTOME_REGULATION_OF_APOPTOSIS	0.717948717948718
Reactome 2026.1.Hs	REACTOME_DEGRADATION_OF_GLI1_BY_THE_PROTEASOME	REACTOME_REGULATION_OF_PTEN_STABILITY_AND_ACTIVITY	0.581818181818182
Reactome 2026.1.Hs	REACTOME_DEGRADATION_OF_GLI1_BY_THE_PROTEASOME	REACTOME_SCF_BETA_TRCP_MEDIATED_DEGRADATION_OF_EMI1	0.833333333333333
Reactome 2026.1.Hs	REACTOME_DEGRADATION_OF_GLI1_BY_THE_PROTEASOME	REACTOME_REGULATION_OF_APOPTOSIS	0.744186046511628
Reactome 2026.1.Hs	REACTOME_REGULATION_OF_PTEN_STABILITY_AND_ACTIVITY	REACTOME_SCF_BETA_TRCP_MEDIATED_DEGRADATION_OF_EMI1	0.64
Reactome 2026.1.Hs	REACTOME_REGULATION_OF_PTEN_STABILITY_AND_ACTIVITY	REACTOME_REGULATION_OF_APOPTOSIS	0.666666666666667
Reactome 2026.1.Hs	REACTOME_SCF_BETA_TRCP_MEDIATED_DEGRADATION_OF_EMI1	REACTOME_REGULATION_OF_APOPTOSIS	0.842105263157895
