pairs	total_genes	oof_spearman	donor_bootstrap_se	ci_low	ci_high	maximum_fidelity_pairs	maximum_fidelity	one_se_threshold	one_se_pairs	monotone_oof_spearman	normalized_knee_distance	selected_pairs	primary_size_rule
1	2	0.689426268373637	0.100886406089323	0.44599826984219	0.829720639448946	18	0.977714556661925	0.963878060808434	14	0.689426268373637	0	6	Kneedle maximum normalized distance after monotone envelope
2	4	0.833333333333333	0.0678081146453075	0.667247459584259	0.926811374326082	18	0.977714556661925	0.963878060808434	14	0.833333333333333	0.464694872958258	6	Kneedle maximum normalized distance after monotone envelope
3	6	0.865101944049313	0.0583543997838485	0.722134606049847	0.941338228273509	18	0.977714556661925	0.963878060808434	14	0.865101944049313	0.540409482758621	6	Kneedle maximum normalized distance after monotone envelope
4	8	0.903745851114272	0.0504076309627499	0.779274083010438	0.96729452148131	18	0.977714556661925	0.963878060808434	14	0.903745851114272	0.63997277676951	6	Kneedle maximum normalized distance after monotone envelope
5	10	0.913703176861072	0.0453343529567505	0.798756493305753	0.970158153888338	18	0.977714556661925	0.963878060808434	14	0.913703176861072	0.640029491833031	6	Kneedle maximum normalized distance after monotone envelope
6	12	0.929113323850166	0.0363346388632555	0.832777752187926	0.97168076726648	18	0.977714556661925	0.963878060808434	14	0.929113323850166	0.659000680580762	6	Kneedle maximum normalized distance after monotone envelope
7	14	0.927216690374585	0.040271166230407	0.822337458508563	0.973687193275222	18	0.977714556661925	0.963878060808434	14	0.929113323850166	0.624517921960073	6	Kneedle maximum normalized distance after monotone envelope
8	16	0.938833570412518	0.0341586962980163	0.847681375893587	0.980015323123932	18	0.977714556661925	0.963878060808434	14	0.938833570412518	0.623752268602541	6	Kneedle maximum normalized distance after monotone envelope
9	18	0.942389758179232	0.0353854347868313	0.845984675587176	0.981316114862694	18	0.977714556661925	0.963878060808434	14	0.942389758179232	0.601605036297641	6	Kneedle maximum normalized distance after monotone envelope
10	20	0.947131341868184	0.0344979157511758	0.852054007851125	0.982215726455292	18	0.977714556661925	0.963878060808434	14	0.947131341868184	0.583569646098004	6	Kneedle maximum normalized distance after monotone envelope
11	22	0.950924608819346	0.0338661584425566	0.855452709352996	0.984155318397908	18	0.977714556661925	0.963878060808434	14	0.950924608819346	0.562244782214156	6	Kneedle maximum normalized distance after monotone envelope
12	24	0.953295400663822	0.0285140697566307	0.875322874150205	0.982313463988055	18	0.977714556661925	0.963878060808434	14	0.953295400663822	0.535985707803993	6	Kneedle maximum normalized distance after monotone envelope
13	26	0.962541488857278	0.024353315375708	0.894932259904167	0.98566593257313	18	0.977714556661925	0.963878060808434	14	0.962541488857278	0.533575317604355	6	Kneedle maximum normalized distance after monotone envelope
14	28	0.968942626837364	0.0206001350678123	0.909633049607544	0.987899020207016	18	0.977714556661925	0.963878060808434	14	0.968942626837364	0.521296506352087	6	Kneedle maximum normalized distance after monotone envelope
15	30	0.973210052157421	0.0166863112613865	0.922282661015251	0.987928511270708	18	0.977714556661925	0.963878060808434	14	0.973210052157421	0.501616379310345	6	Kneedle maximum normalized distance after monotone envelope
16	32	0.976766239924135	0.015280293941318	0.927579075863095	0.989658857767056	18	0.977714556661925	0.963878060808434	14	0.976766239924135	0.479469147005444	6	Kneedle maximum normalized distance after monotone envelope
17	34	0.971550497866287	0.0203466900848637	0.911769628764112	0.98959559809391	18	0.977714556661925	0.963878060808434	14	0.976766239924135	0.444986388384755	6	Kneedle maximum normalized distance after monotone envelope
18	36	0.977714556661925	0.0138364958534908	0.935297442020083	0.988375907993995	18	0.977714556661925	0.963878060808434	14	0.977714556661925	0.413793103448276	6	Kneedle maximum normalized distance after monotone envelope
19	38	0.967994310099573	0.0218757873048002	0.904203460122883	0.986468888789758	18	0.977714556661925	0.963878060808434	14	0.977714556661925	0.379310344827586	6	Kneedle maximum normalized distance after monotone envelope
20	40	0.976529160739687	0.015301370818551	0.929247997082988	0.988476698041644	18	0.977714556661925	0.963878060808434	14	0.977714556661925	0.344827586206897	6	Kneedle maximum normalized distance after monotone envelope
21	42	0.974158368895211	0.0152657205181242	0.926835494066047	0.987232127814238	18	0.977714556661925	0.963878060808434	14	0.977714556661925	0.310344827586207	6	Kneedle maximum normalized distance after monotone envelope
22	44	0.976766239924135	0.0150940486172072	0.930604144389265	0.989165770280569	18	0.977714556661925	0.963878060808434	14	0.977714556661925	0.275862068965517	6	Kneedle maximum normalized distance after monotone envelope
23	46	0.976766239924135	0.014245736373074	0.933889433142129	0.988980484935178	18	0.977714556661925	0.963878060808434	14	0.977714556661925	0.241379310344828	6	Kneedle maximum normalized distance after monotone envelope
24	48	0.971076339497392	0.0169147229820129	0.920672668516545	0.986185501722043	18	0.977714556661925	0.963878060808434	14	0.977714556661925	0.206896551724138	6	Kneedle maximum normalized distance after monotone envelope
25	50	0.968468468468468	0.0180859049076027	0.914723747340544	0.985120709203767	18	0.977714556661925	0.963878060808434	14	0.977714556661925	0.172413793103448	6	Kneedle maximum normalized distance after monotone envelope
26	52	0.969890943575154	0.0181171672018232	0.915029965544481	0.986198612365032	18	0.977714556661925	0.963878060808434	14	0.977714556661925	0.137931034482759	6	Kneedle maximum normalized distance after monotone envelope
27	54	0.97226173541963	0.0172257319254538	0.919892507761701	0.987132478514063	18	0.977714556661925	0.963878060808434	14	0.977714556661925	0.103448275862069	6	Kneedle maximum normalized distance after monotone envelope
28	56	0.967520151730678	0.019453817695736	0.908192876767582	0.984773548078113	18	0.977714556661925	0.963878060808434	14	0.977714556661925	0.0689655172413793	6	Kneedle maximum normalized distance after monotone envelope
29	58	0.968468468468468	0.0190054887724546	0.912211162876512	0.985980155568147	18	0.977714556661925	0.963878060808434	14	0.977714556661925	0.0344827586206896	6	Kneedle maximum normalized distance after monotone envelope
30	60	0.960644855381697	0.0245537078204617	0.888262936899402	0.983441041193699	18	0.977714556661925	0.963878060808434	14	0.977714556661925	0	6	Kneedle maximum normalized distance after monotone envelope
