experiment	gene	pair_number_within_experiment	pair_id	normal_channel	adenoma_channel	normal_log2_ratio_vs_114	adenoma_log2_ratio_vs_114	adenoma_minus_normal_log2	n_unique_peptides_normal	n_unique_peptides_adenoma	passes_author_batch_qc
1	ACAA2	1	Exp01_Pair1	115	116	-0.5356954529187679	0.008630305143440056	0.544325758062208	13	13	True
1	ACAA2	2	Exp01_Pair2	117	118	-0.09387904700290012	-0.7636604608316264	-0.6697814138287264	13	13	True
1	ACAA2	3	Exp01_Pair3	119	121	-0.3291596641184381	0.5548343958941929	0.883994060012631	13	13	True
1	B2M	1	Exp01_Pair1	115	116	0.1311291862904561	0.1973095843756839	0.0661803980852278	2	2	True
1	B2M	2	Exp01_Pair2	117	118	-0.28822499040110594	-0.14078644745741065	0.1474385429436953	2	2	True
1	B2M	3	Exp01_Pair3	119	121	-0.14022407387999744	-0.0788774614853131	0.061346612394684336	2	2	True
1	CALM2	1	Exp01_Pair1	115	116	0.27551335515598985	-0.11188145551038114	-0.387394810666371	7	7	True
1	CALM2	2	Exp01_Pair2	117	118	-1.0604608144156347	0.6154162972628701	1.6758771116785047	7	7	True
1	CALM2	3	Exp01_Pair3	119	121	0.083456680076608	3.0386533354877883	2.9551966554111804	7	7	True
1	COX5A	1	Exp01_Pair1	115	116	-0.3547594873547347	-0.186064929518683	0.16869455783605172	3	3	True
1	COX5A	2	Exp01_Pair2	117	118	0.16992500144231235	-0.8185793597198583	-0.9885043611621707	3	3	True
1	COX5A	3	Exp01_Pair3	119	121	-0.23446525363702297	0.2338880601742773	0.4683533138113003	3	3	True
1	COX6C	1	Exp01_Pair1	115	116	-0.21462087980450864	-0.22931196777228197	-0.014691087967773325	2	2	True
1	COX6C	2	Exp01_Pair2	117	118	0.47055315547321575	-1.3138493270818346	-1.7844024825550502	2	2	True
1	COX6C	3	Exp01_Pair3	119	121	0.04381492237552835	0.8421275057883804	0.798312583412852	2	2	True
1	CYCS	1	Exp01_Pair1	115	116	-1.0528949484321255	-0.31293931166010763	0.7399556367720179	7	7	True
1	CYCS	2	Exp01_Pair2	117	118	-0.34190279464862844	0.11370049916472831	0.45560329381335674	7	7	True
1	CYCS	3	Exp01_Pair3	119	121	-0.6676111396207338	0.2387868595871165	0.9063979992078504	7	7	True
1	DAB2	1	Exp01_Pair1	115	116	-0.5695193953976232	-0.3584539709124763	0.21106542448514687	2	2	True
1	DAB2	2	Exp01_Pair2	117	118	0.20359750574258836	-0.7720448517408975	-0.9756423574834859	2	2	True
1	DAB2	3	Exp01_Pair3	119	121	-0.0033410723988670336	-0.08680121261603063	-0.0834601402171636	2	2	True
1	DHRS11	1	Exp01_Pair1	115	116	0.01006368334469748	-0.7636604608316264	-0.7737241441763238	3	3	True
1	DHRS11	2	Exp01_Pair2	117	118	0.765534746362977	-1.0115879742752119	-1.777122720638189	3	3	True
1	DHRS11	3	Exp01_Pair3	119	121	0.08542465625267766	-1.1202942337177118	-1.2057188899703895	3	3	True
1	EPCAM	1	Exp01_Pair1	115	116	-0.42687572421413517	-0.03955991548173428	0.3873158087324009	4	4	True
1	EPCAM	2	Exp01_Pair2	117	118	-0.19825863204713695	-0.24774980206949027	-0.049491170022353315	4	4	True
1	EPCAM	3	Exp01_Pair3	119	121	-0.6169746851227302	0.3153452490515696	0.9323199341742998	4	4	True
1	ETHE1	1	Exp01_Pair1	115	116	-0.382538480076358	-0.6699461521489287	-0.28740767207257073	6	6	True
1	ETHE1	2	Exp01_Pair2	117	118	-0.013297807618319394	-0.6750273198911123	-0.6617295122727929	6	6	True
1	ETHE1	3	Exp01_Pair3	119	121	-0.41311646613164676	-0.300704416182998	0.11241204994864878	6	6	True
1	FABP1	1	Exp01_Pair1	115	116	0.32267602427043995	-1.356897474046572	-1.679573498317012	10	10	True
1	FABP1	2	Exp01_Pair2	117	118	0.8473607716621934	-1.3950478718374044	-2.242408643499598	10	10	True
1	FABP1	3	Exp01_Pair3	119	121	0.6160675758573433	-0.14905263137378716	-0.7651202072311305	10	10	True
1	FCGRT	1	Exp01_Pair1	115	116	-0.42399268252039446	-0.4784005509849651	-0.05440786846457063	2	2	True
1	FCGRT	2	Exp01_Pair2	117	118	-0.9376877075044507	-1.3041953166559697	-0.3665076091515189	2	2	True
1	FCGRT	3	Exp01_Pair3	119	121	-0.8256888885536338	-1.1181837350073682	-0.29249484645373447	2	2	True
1	HMGCS2	1	Exp01_Pair1	115	116	-0.21592361483058004	-0.7933567760166047	-0.5774331611860246	15	15	True
1	HMGCS2	2	Exp01_Pair2	117	118	0.16607267594670594	-0.9091624692925515	-1.0752351452392575	15	15	True
1	HMGCS2	3	Exp01_Pair3	119	121	-0.3291596641184381	0.6781150156097892	1.0072746797282273	15	15	True
1	LGALS3	1	Exp01_Pair1	115	116	0.08099026384790993	0.2133111766394577	0.13232091279154778	6	6	True
1	LGALS3	2	Exp01_Pair2	117	118	0.18501956021808702	-0.28591093828420044	-0.47093049850228746	6	6	True
1	LGALS3	3	Exp01_Pair3	119	121	0.35723634627357914	-0.12755117774422642	-0.48478752401780556	6	6	True
1	LGALS4	1	Exp01_Pair1	115	116	-0.6770219259957291	-0.6170561304310094	0.059965795564719704	11	11	True
1	LGALS4	2	Exp01_Pair2	117	118	-0.6067118552638289	-0.34739878240348054	0.2593130728603483	11	11	True
1	LGALS4	3	Exp01_Pair3	119	121	-0.6126374591640045	0.13881446890228188	0.7514519280662864	11	11	True
1	MYL6	1	Exp01_Pair1	115	116	-0.0576815042916195	0.23599273509441818	0.29367423938603765	7	7	True
1	MYL6	2	Exp01_Pair2	117	118	0.36217932381004647	-0.08917182873457306	-0.45135115254461955	7	7	True
1	MYL6	3	Exp01_Pair3	119	121	0.11828610657668874	-0.17400047436685456	-0.2922865809435433	7	7	True
1	NDRG1	1	Exp01_Pair1	115	116	-0.4653814335339458	-0.4047072722227998	0.060674161311146	10	10	True
1	NDRG1	2	Exp01_Pair2	117	118	-0.534501474683244	0.4297497456962645	0.9642512203795086	10	10	True
1	NDRG1	3	Exp01_Pair3	119	121	-0.08868279091002815	-0.07714378267335009	0.011539008236678056	10	10	True
1	NDUFA1	1	Exp01_Pair1	115	116	0.4946716116475496	-0.15200309344504997	-0.6466747050925996	1	1	True
1	NDUFA1	2	Exp01_Pair2	117	118	0.561692721398309	-1.231074664436249	-1.7927673858345579	1	1	True
1	NDUFA1	3	Exp01_Pair3	119	121	0.5240636757772107	0.6617495998107048	0.1376859240334941	1	1	True
1	PRDX6	1	Exp01_Pair1	115	116	-0.14229373068024434	-0.5587255478702409	-0.41643181718999656	12	12	True
1	PRDX6	2	Exp01_Pair2	117	118	-0.15230125713251844	-0.12218181592293985	0.030119441209578587	12	12	True
1	PRDX6	3	Exp01_Pair3	119	121	-0.6019852328641282	-0.23178842331498245	0.37019680954914574	12	12	True
1	SORD	1	Exp01_Pair1	115	116	-0.7783070064379949	0.22304340127102223	1.0013504077090172	4	4	True
1	SORD	2	Exp01_Pair2	117	118	-0.8161802754684475	-0.12568179661673842	0.6904984788517091	4	4	True
1	SORD	3	Exp01_Pair3	119	121	-0.6089198670948677	0.14860216589204953	0.7575220329869172	4	4	True
1	SRI	1	Exp01_Pair1	115	116	-0.4444305087996878	0.09827204895591221	0.5427025577556001	6	6	True
1	SRI	2	Exp01_Pair2	117	118	-0.49106469436918054	0.6712489278749784	1.162313622244159	6	6	True
1	SRI	3	Exp01_Pair3	119	121	-0.14672760599201887	0.046377445462879904	0.19310505145489876	6	6	True
1	TPT1	1	Exp01_Pair1	115	116	-0.634227630434184	0.26363227532034406	0.897859905754528	3	3	True
1	TPT1	2	Exp01_Pair2	117	118	-0.3367428307669121	-0.1504089860839197	0.18633384468299238	3	3	True
1	TPT1	3	Exp01_Pair3	119	121	-0.22556272717860348	-0.09373774403906182	0.13182498313954166	3	3	True
1	TRIP6	1	Exp01_Pair1	115	116	-0.23446525363702297	0.6933196788115745	0.9277849324485975	1	1	True
1	TRIP6	2	Exp01_Pair2	117	118	0.2916035580305647	0.3740657182225377	0.082462160191973	1	1	True
1	TRIP6	3	Exp01_Pair3	119	121	0.4997821201473117	0.16607267594670594	-0.3337094442006058	1	1	True
1	TST	1	Exp01_Pair1	115	116	-0.16897010754427844	0.28861893301146924	0.4575890405557477	8	8	True
1	TST	2	Exp01_Pair2	117	118	0.10615495151578115	-0.5549330947297092	-0.6610880462454903	8	8	True
1	TST	3	Exp01_Pair3	119	121	0.0820017936013662	0.17845326503398562	0.09645147143261942	8	8	True
2	ACAA2	1	Exp02_Pair1	115	116	0.9047854238867656	1.0034211604418855	0.09863573655511981	13	13	True
2	ACAA2	2	Exp02_Pair2	117	118	0.21506768739843457	0.26663664251398955	0.05156895511555498	13	13	True
2	ACAA2	3	Exp02_Pair3	119	121	0.6535186707535996	0.3165970177560439	-0.3369216529975557	13	13	True
2	B2M	1	Exp02_Pair1	115	116	0.4973695046142641	0.2869286415598858	-0.2104408630543783	3	3	True
2	B2M	2	Exp02_Pair2	117	118	0.751035176667862	0.9619936774202551	0.21095850075239309	3	3	True
2	B2M	3	Exp02_Pair3	119	121	0.33337829594240176	0.5479433112903502	0.21456501534794847	3	3	True
2	BSG	1	Exp02_Pair1	115	116	1.652546045705161	0.5772653579125057	-1.0752806877926555	2	2	True
2	BSG	2	Exp02_Pair2	117	118	-0.030460448471170187	0.884950809132264	0.9154112576034341	2	2	True
2	BSG	3	Exp02_Pair3	119	121	1.1030340157950556	0.5844525682760164	-0.5185814475190391	2	2	True
2	CALM2	1	Exp02_Pair1	115	116	1.8350033016676837	2.6523717631163715	0.8173684614486878	7	7	True
2	CALM2	2	Exp02_Pair2	117	118	1.6672109124808707	2.677964575551337	1.0107536630704663	5	7	True
2	CALM2	3	Exp02_Pair3	119	121	0.7713538768906884	2.292205763233923	1.5208518863432348	5	7	True
2	COX6A1	1	Exp02_Pair1	115	116	0.5360529002402097	0.87263179113525	0.33657889089504034	1	1	True
2	COX6A1	2	Exp02_Pair2	117	118	0.269033146455237	-0.02473667832150645	-0.29376982477674346	1	1	True
2	COX6A1	3	Exp02_Pair3	119	121	0.9068905956085185	0.1544535926798724	-0.752437002928646	1	1	True
2	COX6C	1	Exp02_Pair1	115	116	0.7257065869573849	0.5340616024211182	-0.19164498453626666	3	3	True
2	COX6C	2	Exp02_Pair2	117	118	0.8442804243025563	-0.23540836409298796	-1.0796887883955444	3	3	True
2	COX6C	3	Exp02_Pair3	119	121	0.41359408240917517	0.1969826378301213	-0.21661144457905387	3	3	True
2	CYCS	1	Exp02_Pair1	115	116	0.020312977231695634	0.234494936476769	0.21418195924507336	6	6	True
2	CYCS	2	Exp02_Pair2	117	118	0.4721157309593749	0.08833755234299351	-0.3837781786163814	6	6	True
2	CYCS	3	Exp02_Pair3	119	121	0.07855937710692107	0.01782884475590965	-0.06073053235101142	6	6	True
2	DAB2	1	Exp02_Pair1	115	116	0.4382928515791468	0.40490312214513074	-0.03338972943401608	1	1	True
2	DAB2	2	Exp02_Pair2	117	118	0.5733745264459443	-0.664288089679538	-1.2376626161254825	1	1	True
2	DAB2	3	Exp02_Pair3	119	121	0.751035176667862	0.22897256976016075	-0.5220626069077012	1	1	True
2	DHRS11	1	Exp02_Pair1	115	116	0.7133041382633369	-0.22969272656731649	-0.9429968648306535	6	6	True
2	DHRS11	2	Exp02_Pair2	117	118	0.7117094841312455	-0.7734999015068128	-1.4852093856380582	6	6	True
2	DHRS11	3	Exp02_Pair3	119	121	0.5929017540020352	0.025779324026806903	-0.5671224299752282	6	6	True
2	EPCAM	1	Exp02_Pair1	115	116	0.74288185075827	0.5108181671939136	-0.23206368356435636	4	4	True
2	EPCAM	2	Exp02_Pair2	117	118	-0.32246763633530096	0.7111113689044648	1.0335790052397658	4	4	True
2	EPCAM	3	Exp02_Pair3	119	121	0.5266053900866609	0.6197108534422096	0.0931054633555487	4	4	True
2	ETHE1	1	Exp02_Pair1	115	116	0.4604804700400108	-0.15360697914763968	-0.6140874491876505	7	7	True
2	ETHE1	2	Exp02_Pair2	117	118	1.102322191196686	-0.10935875603655622	-1.2116809472332424	7	7	True
2	ETHE1	3	Exp02_Pair3	119	121	0.7907720378619999	-0.0188780102056894	-0.8096500480676893	7	7	True
2	FABP1	1	Exp02_Pair1	115	116	1.8722889009944153	-0.23450119710792106	-2.106790098102336	9	8	True
2	FABP1	2	Exp02_Pair2	117	118	0.9985477288693057	0.8476768953398541	-0.15087083352945152	9	8	True
2	FABP1	3	Exp02_Pair3	119	121	1.6345932684457567	0.42646564600328585	-1.2081276224424708	9	9	True
2	FCGRT	1	Exp02_Pair1	115	116	0.49569516262406876	-0.1297339296040173	-0.6254290922280861	1	1	True
2	FCGRT	2	Exp02_Pair2	117	118	0.12961273813046964	-0.31114825613411956	-0.4407609942645892	1	1	True
2	FCGRT	3	Exp02_Pair3	119	121	0.48542682717024166	0.5791801481271501	0.09375332095690847	1	1	True
2	HMGCS2	1	Exp02_Pair1	115	116	1.593592805864596	0.7083615123919106	-0.8852312934726855	13	13	True
2	HMGCS2	2	Exp02_Pair2	117	118	-0.07285373178228684	-0.07096652135414358	0.0018872104281432572	13	13	True
2	HMGCS2	3	Exp02_Pair3	119	121	0.9020755286997366	0.10030490579568548	-0.8017706229040511	13	13	True
2	IGFBP2	1	Exp02_Pair1	115	116	-0.043458216910805966	0.3525749278156996	0.3960331447265056	1	1	True
2	IGFBP2	2	Exp02_Pair2	117	118	0.4476074855344193	-0.2514447198788902	-0.6990522054133095	1	1	True
2	IGFBP2	3	Exp02_Pair3	119	121	0.3306600051715978	0.20394664328751452	-0.1267133618840833	1	1	True
2	LGALS3	1	Exp02_Pair1	115	116	1.2304811658068486	0.2908903012949693	-0.9395908645118793	6	6	True
2	LGALS3	2	Exp02_Pair2	117	118	1.095592477949369	0.7374124025272092	-0.3581800754221599	6	6	True
2	LGALS3	3	Exp02_Pair3	119	121	0.7511222132077541	0.15820813049295523	-0.5929140827147988	6	6	True
2	LGALS4	1	Exp02_Pair1	115	116	1.4456348313638059	0.4804775307346779	-0.965157300629128	12	12	True
2	LGALS4	2	Exp02_Pair2	117	118	0.12532558942946215	1.045394541731334	0.9200689523018718	12	11	True
2	LGALS4	3	Exp02_Pair3	119	121	1.3139247229297757	0.44894178162842036	-0.8649829413013553	12	12	True
2	MYL6	1	Exp02_Pair1	115	116	0.6415460290875237	0.668119124686432	0.026573095598908303	9	9	True
2	MYL6	2	Exp02_Pair2	117	118	0.6951029856404789	0.29278174922784594	-0.40232123641263295	9	9	True
2	MYL6	3	Exp02_Pair3	119	121	0.6762674082658898	0.5639420806980403	-0.11232532756784952	9	9	True
2	NDRG1	1	Exp02_Pair1	115	116	0.6663021281730949	-0.2898272517203383	-0.9561293798934332	9	9	True
2	NDRG1	2	Exp02_Pair2	117	118	-0.09117854870662738	0.8229340480283713	0.9141125967349987	9	9	True
2	NDRG1	3	Exp02_Pair3	119	121	0.4604804700400108	0.09356017616233782	-0.366920293877673	9	9	True
2	OLFM4	1	Exp02_Pair1	115	116	0.6961213038180589	3.9864503645042877	3.2903290606862288	8	8	True
2	OLFM4	2	Exp02_Pair2	117	118	0.15833702716710066	0.9785912293811665	0.8202542022140659	5	8	True
2	OLFM4	3	Exp02_Pair3	119	121	0.8116763768031874	1.7414029000842146	0.9297265232810272	8	8	True
2	PRDX6	1	Exp02_Pair1	115	116	0.6424705373158217	-0.117161344232749	-0.7596318815485708	13	13	True
2	PRDX6	2	Exp02_Pair2	117	118	-0.02473667832150645	0.42007811597937394	0.4448147943008804	13	13	True
2	PRDX6	3	Exp02_Pair3	119	121	0.27381424458703657	-0.037585198943825705	-0.3113994435308623	13	13	True
2	REG1A	1	Exp02_Pair1	115	116	1.484361800118641	2.303616432532834	0.8192546324141929	2	2	True
2	REG1A	2	Exp02_Pair2	117	118	1.4562260223529324	0.5180604117881712	-0.9381656105647612	2	2	True
2	REG1A	3	Exp02_Pair3	119	121	2.997352496072166	4.969583152040249	1.9722306559680831	2	2	True
2	SLC26A2	1	Exp02_Pair1	115	116	1.5735639488642608	-1.0385022561505313	-2.6120662050147923	2	2	True
2	SLC26A2	2	Exp02_Pair2	117	118	-0.16820381364525072	-1.4137613627424002	-1.2455575490971493	2	2	True
2	SLC26A2	3	Exp02_Pair3	119	121	1.0481734368703854	0.05544952964081787	-0.9927239072295676	2	2	True
2	SORD	1	Exp02_Pair1	115	116	-0.1823228186047108	0.41506886423402933	0.5973916828387401	4	4	True
2	SORD	2	Exp02_Pair2	117	118	-0.07522514740790452	0.5078061835394748	0.5830313309473794	4	4	True
2	SORD	3	Exp02_Pair3	119	121	-0.016608112048033426	0.2632868211086395	0.2798949331566729	4	4	True
2	SRI	1	Exp02_Pair1	115	116	0.6986629998858844	-0.0615488503070163	-0.7602118501929007	5	6	True
2	SRI	2	Exp02_Pair2	117	118	-0.6009666276581813	0.799264606998374	1.4002312346565553	6	6	True
2	SRI	3	Exp02_Pair3	119	121	0.06450431573854129	0.1694849613962114	0.1049806456576701	6	6	True
2	TPT1	1	Exp02_Pair1	115	116	-0.376133441913438	0.16186257514694896	0.537996017060387	2	2	True
2	TPT1	2	Exp02_Pair2	117	118	-1.0253109755450127	0.86285967344513	1.8881706489901426	2	2	True
2	TPT1	3	Exp02_Pair3	119	121	0.07240954080920017	0.5836195449967712	0.511210004187571	2	2	True
2	TRIP6	1	Exp02_Pair1	115	116	0.7621361699011121	0.765534746362977	0.0033985764618649217	1	1	True
2	TRIP6	2	Exp02_Pair2	117	118	1.1466552221194652	0.2028878334701434	-0.9437673886493219	1	1	True
2	TRIP6	3	Exp02_Pair3	119	121	0.3436920691790188	0.2016338611696504	-0.1420582080093684	1	1	True
2	TST	1	Exp02_Pair1	115	116	1.0296075428532103	0.7658332076664026	-0.2637743351868077	5	5	True
2	TST	2	Exp02_Pair2	117	118	0.8786567318272924	0.2214603020135116	-0.6571964298137808	5	4	True
2	TST	3	Exp02_Pair3	119	121	1.040115294846077	0.2750523735615485	-0.7650629212845286	5	5	True
3	ACAA2	1	Exp03_Pair1	115	116	-0.09400105061647016	-0.7042720838078409	-0.6102710331913708	10	10	False
3	ACAA2	2	Exp03_Pair2	117	118	-0.774414398204287	-1.3055393722306066	-0.5311249740263195	10	10	False
3	ACAA2	3	Exp03_Pair3	119	121	-0.4731124758529991	-0.6133696029600494	-0.1402571271070503	10	10	False
3	B2M	1	Exp03_Pair1	115	116	0.5782141654724543	0.08270258933024935	-0.495511576142205	3	3	False
3	B2M	2	Exp03_Pair2	117	118	-0.15040098884854844	-0.965784284662087	-0.8153832958135385	3	3	False
3	B2M	3	Exp03_Pair3	119	121	-0.15842936260448293	-0.2601518973006725	-0.10172253469618958	3	3	False
3	BSG	1	Exp03_Pair1	115	116	-0.16812275880832692	-0.438307278601691	-0.2701845197933641	1	1	False
3	BSG	2	Exp03_Pair2	117	118	-0.5691795034802285	-1.2009126939259964	-0.6317331904457679	1	1	False
3	BSG	3	Exp03_Pair3	119	121	-0.5269924320838262	-0.6803820657998387	-0.15338963371601255	1	1	False
3	CALM2	1	Exp03_Pair1	115	116	0.9196869639396114	0.7175112941051829	-0.20217566983442847	6	6	False
3	CALM2	2	Exp03_Pair2	117	118	0.6810435883170614	0.4427754687343921	-0.23826811958266925	6	6	False
3	CALM2	3	Exp03_Pair3	119	121	1.7105948151682817	0.8145244061517782	-0.8960704090165035	6	6	False
3	CD9	1	Exp03_Pair1	115	116	-0.6564051406760649	-1.0736969200962303	-0.4172917794201654	1	1	False
3	CD9	2	Exp03_Pair2	117	118	-1.253705241813099	-1.7083733311157545	-0.45466808930265556	1	1	False
3	CD9	3	Exp03_Pair3	119	121	-1.1473374705709525	-1.216671318987128	-0.06933384841617563	1	1	False
3	COX5A	1	Exp03_Pair1	115	116	0.09114783037442625	-0.5005917476164584	-0.5917395779908847	2	2	False
3	COX5A	2	Exp03_Pair2	117	118	-0.5258849826537872	-1.0219300301905663	-0.496045047536779	2	2	False
3	COX5A	3	Exp03_Pair3	119	121	-0.4004952328449388	-0.5986676347407699	-0.19817240189583107	2	2	False
3	COX6C	1	Exp03_Pair1	115	116	0.8990119815631574	0.6879564940444818	-0.21105548751867564	3	3	False
3	COX6C	2	Exp03_Pair2	117	118	0.11597114998450661	0.3149864854685155	0.19901533548400888	3	3	False
3	COX6C	3	Exp03_Pair3	119	121	0.5409424833646136	0.29542985517568476	-0.24551262818892883	3	3	False
3	CYCS	1	Exp03_Pair1	115	116	-0.7981542563477335	-1.4186304274270498	-0.6204761710793163	8	8	False
3	CYCS	2	Exp03_Pair2	117	118	-1.6305624318269043	-2.351611885493827	-0.7210494536669225	8	8	False
3	CYCS	3	Exp03_Pair3	119	121	-1.2567702267096013	-1.7162171647560047	-0.45944693804640346	8	8	False
3	DHRS11	1	Exp03_Pair1	115	116	-0.3890220524555778	-1.145731543651236	-0.7567094911956582	6	6	False
3	DHRS11	2	Exp03_Pair2	117	118	-0.9588681312737767	-1.6424486819711976	-0.683580550697421	6	6	False
3	DHRS11	3	Exp03_Pair3	119	121	-0.48421732035560805	-1.1282925276817142	-0.6440752073261061	6	6	False
3	EPCAM	1	Exp03_Pair1	115	116	0.5926250090879146	0.22717850424671213	-0.36544650484120245	7	7	False
3	EPCAM	2	Exp03_Pair2	117	118	0.1741162096196354	-0.4035418604410144	-0.5776580700606498	7	7	False
3	EPCAM	3	Exp03_Pair3	119	121	0.33913738491958534	0.1433093003519956	-0.19582808456758974	7	7	False
3	ETHE1	1	Exp03_Pair1	115	116	-0.10139219122681767	-0.952913636571471	-0.8515214453446533	10	10	False
3	ETHE1	2	Exp03_Pair2	117	118	-0.7661202853263613	-1.5557384427086935	-0.7896181573823322	10	10	False
3	ETHE1	3	Exp03_Pair3	119	121	-0.6662382990026976	-0.9878458347413898	-0.32160753573869216	10	10	False
3	FABP1	1	Exp03_Pair1	115	116	0.5177972871595224	-0.46489032595553925	-0.9826876131150617	8	8	False
3	FABP1	2	Exp03_Pair2	117	118	-0.3107532757590413	-1.0428470598145965	-0.7320937840555551	8	8	False
3	FABP1	3	Exp03_Pair3	119	121	-0.006403700512188212	-0.49682966987489224	-0.49042596936270405	8	8	False
3	FCGRT	1	Exp03_Pair1	115	116	-0.15682010974282581	-1.15200309344505	-0.9951829837022242	3	3	False
3	FCGRT	2	Exp03_Pair2	117	118	-0.7858751946471527	-1.3364276645824773	-0.5505524699353246	3	3	False
3	FCGRT	3	Exp03_Pair3	119	121	-0.6506347224057867	-0.9517638143471524	-0.3011290919413657	3	3	False
3	HMGCS2	1	Exp03_Pair1	115	116	0.09220743809708888	-0.09642642049379119	-0.18863385859088005	15	15	False
3	HMGCS2	2	Exp03_Pair2	117	118	-0.5363809571169089	-1.0469672385597322	-0.5105862814428233	15	15	False
3	HMGCS2	3	Exp03_Pair3	119	121	0.36737106564852945	-0.024513505392930672	-0.39188457104146013	15	15	False
3	IGFBP2	1	Exp03_Pair1	115	116	0.2630344058337938	-0.4402634755670174	-0.7032978814008112	3	3	False
3	IGFBP2	2	Exp03_Pair2	117	118	-0.5458241068141978	-1.3183258582071666	-0.7725017513929688	3	3	False
3	IGFBP2	3	Exp03_Pair3	119	121	-0.23616354110904858	-0.7369655941662062	-0.5008020530571576	3	3	False
3	L1TD1	1	Exp03_Pair1	115	116	-0.47614705459994583	-0.6149161571694364	-0.13876910256949054	1	1	False
3	L1TD1	2	Exp03_Pair2	117	118	-0.7818721649565632	-0.9237148751802373	-0.14184271022367412	1	1	False
3	L1TD1	3	Exp03_Pair3	119	121	-0.8381754655924374	-0.7692461974278177	0.06892926816461964	1	1	False
3	LGALS3	1	Exp03_Pair1	115	116	-0.06039727964395627	-0.47733723134214234	-0.4169399516981861	5	5	False
3	LGALS3	2	Exp03_Pair2	117	118	-0.7420731412258388	-1.002630495385736	-0.2605573541598971	5	5	False
3	LGALS3	3	Exp03_Pair3	119	121	-0.3362586358124924	-0.6989977439671857	-0.36273910815469335	5	5	False
3	LGALS4	1	Exp03_Pair1	115	116	0.9663547768065988	0.2588927047558214	-0.7074620720507774	12	12	False
3	LGALS4	2	Exp03_Pair2	117	118	0.2653599157145185	-0.3138886544351256	-0.5792485701496441	12	12	False
3	LGALS4	3	Exp03_Pair3	119	121	0.7352994518585851	0.2983931971552246	-0.43690625470336053	12	12	False
3	MYL6	1	Exp03_Pair1	115	116	-0.17299399036102317	-0.7083964419694353	-0.5354024516084122	9	9	False
3	MYL6	2	Exp03_Pair2	117	118	-0.741782610463982	-1.2827897009804041	-0.5410070905164222	9	9	False
3	MYL6	3	Exp03_Pair3	119	121	-0.5627722610870902	-0.9457197067861707	-0.38294744569908046	9	9	False
3	NDRG1	1	Exp03_Pair1	115	116	0.24731993497981972	-0.6438561897747246	-0.8911761247545443	7	7	False
3	NDRG1	2	Exp03_Pair2	117	118	-0.7249929525001302	-1.2898272517203382	-0.564834299220208	7	7	False
3	NDRG1	3	Exp03_Pair3	119	121	-0.4363537305159361	-0.5972778231543954	-0.16092409263845925	7	7	False
3	OLFM4	1	Exp03_Pair1	115	116	1.0820433197599453	0.2775193284188011	-0.8045239913411442	10	10	False
3	OLFM4	2	Exp03_Pair2	117	118	0.3355959523234111	0.370957386294171	0.035361433970759915	10	10	False
3	OLFM4	3	Exp03_Pair3	119	121	0.343983620168117	0.4757976272194533	0.13181400705133628	10	10	False
3	PRDX6	1	Exp03_Pair1	115	116	-0.28103566424046145	-1.0144995696951151	-0.7334639054546537	11	11	False
3	PRDX6	2	Exp03_Pair2	117	118	-1.0469210473874926	-1.7530697781808446	-0.706148730793352	11	11	False
3	PRDX6	3	Exp03_Pair3	119	121	-0.7297700927620023	-1.0558912008920451	-0.3261211081300428	11	11	False
3	REG1A	1	Exp03_Pair1	115	116	0.8806375660548226	0.709197682343571	-0.17143988371125163	2	2	False
3	REG1A	2	Exp03_Pair2	117	118	1.1905455261812952	0.5785800743415754	-0.6119654518397197	2	2	False
3	REG1A	3	Exp03_Pair3	119	121	0.812317158427218	0.5343432942306212	-0.27797386419659675	2	2	False
3	SLC25A5	1	Exp03_Pair1	115	116	0.279768421593595	-0.23456510103429562	-0.5143335226278907	11	11	False
3	SLC25A5	2	Exp03_Pair2	117	118	-0.4054514504496458	-0.8677522017015602	-0.4623007512519144	11	11	False
3	SLC25A5	3	Exp03_Pair3	119	121	-0.15200309344504997	-0.4054514504496458	-0.25344835700459584	11	11	False
3	SLC26A2	1	Exp03_Pair1	115	116	0.24366908096686268	-0.7538959901160834	-0.9975650710829461	1	1	False
3	SLC26A2	2	Exp03_Pair2	117	118	-0.5606428215257431	-1.3219280948873622	-0.7612852733616191	1	1	False
3	SLC26A2	3	Exp03_Pair3	119	121	0.05935527761642123	-1.0862010350493039	-1.145556312665725	1	1	False
3	SORD	1	Exp03_Pair1	115	116	-0.33097323449036925	-0.46697538745084444	-0.1360021529604752	7	7	False
3	SORD	2	Exp03_Pair2	117	118	-0.5649048483799026	-1.0649174766813385	-0.5000126283014359	7	7	False
3	SORD	3	Exp03_Pair3	119	121	-0.5332423842738286	-0.6780719051126376	-0.14482952083880896	7	7	False
3	SPINK1	1	Exp03_Pair1	115	116	-0.19594644103264702	-0.8809758968577254	-0.6850294558250783	1	1	False
3	SPINK1	2	Exp03_Pair2	117	118	-0.5125136506514639	-1.1844245711374275	-0.6719109204859636	1	1	False
3	SPINK1	3	Exp03_Pair3	119	121	-0.45600928033515	-0.8211260418302049	-0.3651167614950549	1	1	False
3	SRI	1	Exp03_Pair1	115	116	-0.010774266733788784	-0.8849667788968214	-0.8741925121630326	6	6	False
3	SRI	2	Exp03_Pair2	117	118	-1.0448219582155722	-1.7191362095170768	-0.6743142513015046	6	6	False
3	SRI	3	Exp03_Pair3	119	121	-0.6952405310850651	-1.0306577537871084	-0.3354172227020433	6	6	False
3	TPT1	1	Exp03_Pair1	115	116	0.2229332586198635	-0.5351226770552446	-0.7580559356751081	3	3	False
3	TPT1	2	Exp03_Pair2	117	118	-0.4269487303465792	-0.986054961455751	-0.5591062311091718	3	3	False
3	TPT1	3	Exp03_Pair3	119	121	-0.5811462255898892	-0.5291944170668578	0.051951808523031384	3	3	False
3	TRIP6	1	Exp03_Pair1	115	116	-0.4427551839194226	-0.5063133697701141	-0.0635581858506915	2	2	False
3	TRIP6	2	Exp03_Pair2	117	118	-0.8082095035339368	-1.3972787188734768	-0.5890692153395399	2	2	False
3	TRIP6	3	Exp03_Pair3	119	121	-0.734850740901466	-0.8651291256374836	-0.1302783847360176	2	2	False
3	TST	1	Exp03_Pair1	115	116	0.14795788138710142	-0.5972778231543954	-0.7452357045414968	11	11	False
3	TST	2	Exp03_Pair2	117	118	-0.3382907528121063	-1.157459611411472	-0.8191688585993656	11	11	False
3	TST	3	Exp03_Pair3	119	121	-0.14082554413356457	-0.6506347224057867	-0.509809178272222	11	11	False
3	ZFP36L1	1	Exp03_Pair1	115	116	0.7110543218120664	-0.5311560570253625	-1.242210378837429	1	1	False
3	ZFP36L1	2	Exp03_Pair2	117	118	-0.5521563556379144	-0.9186603725480612	-0.3665040169101468	1	1	False
3	ZFP36L1	3	Exp03_Pair3	119	121	-0.5756153284619034	-0.4619585466663364	0.11365678179556704	1	1	False
4	ACAA2	1	Exp04_Pair1	115	116	0.40261650643185887	-0.524108988487752	-0.9267254949196109	10	10	False
4	ACAA2	2	Exp04_Pair2	117	118	-0.8181598966267976	-1.0462981564299088	-0.2281382598031112	10	10	False
4	ACAA2	3	Exp04_Pair3	119	121	0.4884602514012471	0.7355271264792156	0.24706687507796848	10	10	False
4	B2M	1	Exp04_Pair1	115	116	0.9153296760130094	-0.23107466443624883	-1.1464043404492583	5	5	False
4	B2M	2	Exp04_Pair2	117	118	0.02573756141360827	-0.701341684435485	-0.7270792458490932	5	5	False
4	B2M	3	Exp04_Pair3	119	121	0.9891390073682331	0.8746845361556042	-0.11445447121262897	5	5	False
4	BSG	1	Exp04_Pair1	115	116	0.2809563138310563	-0.5084034055895518	-0.7893597194206081	1	1	False
4	BSG	2	Exp04_Pair2	117	118	-0.23956612532988847	-1.286304185156641	-1.0467380598267526	1	1	False
4	BSG	3	Exp04_Pair3	119	121	1.1641426488483062	0.5868848128521846	-0.5772578359961216	1	1	False
4	CALM2	1	Exp04_Pair1	115	116	1.130271954518859	1.8794307555199112	0.7491588010010521	5	5	False
4	CALM2	2	Exp04_Pair2	117	118	1.01435529297707	0.36401205355861466	-0.6503432394184554	5	5	False
4	CALM2	3	Exp04_Pair3	119	121	1.486470369731579	1.263082494065567	-0.22338787566601215	5	5	False
4	COX5A	1	Exp04_Pair1	115	116	-0.0459578559522711	-0.6885547587222605	-0.6425969027699894	2	2	False
4	COX5A	2	Exp04_Pair2	117	118	-0.9070884845930034	-1.4746790201554116	-0.5675905355624082	2	2	False
4	COX5A	3	Exp04_Pair3	119	121	0.03730489807564891	-0.3065306510070721	-0.343835549082721	2	2	False
4	COX6C	1	Exp04_Pair1	115	116	0.5759755056069922	0.1236994673257108	-0.4522760382812814	2	2	False
4	COX6C	2	Exp04_Pair2	117	118	-0.2373915152958391	-0.6563442149949504	-0.4189526996991113	2	2	False
4	COX6C	3	Exp04_Pair3	119	121	0.15764630988960127	0.02889148174402978	-0.1287548281455715	2	2	False
4	CYCS	1	Exp04_Pair1	115	116	-0.6040421333451027	-1.3949402485122926	-0.7908981151671899	7	7	False
4	CYCS	2	Exp04_Pair2	117	118	-1.380821783940931	-1.7908586021614084	-0.41003681822047744	7	7	False
4	CYCS	3	Exp04_Pair3	119	121	0.36343827285569863	0.5820742213963297	0.21863594854063106	7	7	False
4	DAB2	1	Exp04_Pair1	115	116	-0.15842936260448293	-0.7809089417538033	-0.6224795791493204	1	1	False
4	DAB2	2	Exp04_Pair2	117	118	-0.6529013293777317	-1.0862010350493039	-0.43329970567157217	1	1	False
4	DAB2	3	Exp04_Pair3	119	121	0.4885150089578122	0.6870606883398924	0.19854567938208023	1	1	False
4	DHRS11	1	Exp04_Pair1	115	116	0.5200450240398176	-0.6873348264416057	-1.2073798504814233	5	5	False
4	DHRS11	2	Exp04_Pair2	117	118	-0.4150374992788438	-1.627998697130871	-1.2129611978520272	5	4	False
4	DHRS11	3	Exp04_Pair3	119	121	1.2876645164663354	0.259423152281415	-1.0282413641849204	5	5	False
4	EPCAM	1	Exp04_Pair1	115	116	0.8812696598053174	-0.29492498235874587	-1.1761946421640632	7	7	False
4	EPCAM	2	Exp04_Pair2	117	118	-0.12816410587281218	-0.33097323449036925	-0.20280912861755707	7	7	False
4	EPCAM	3	Exp04_Pair3	119	121	0.7149461462494848	0.8108273910109985	0.09588124476151372	7	7	False
4	ETHE1	1	Exp04_Pair1	115	116	0.10898136849582221	-0.9704337342182601	-1.0794151027140824	12	12	False
4	ETHE1	2	Exp04_Pair2	117	118	-0.5332944003070539	-1.331728628086462	-0.7984342277794081	12	12	False
4	ETHE1	3	Exp04_Pair3	119	121	0.6164886681572739	0.2908147539321913	-0.3256739142250826	12	12	False
4	FABP1	1	Exp04_Pair1	115	116	0.7984313240604217	-0.7015324288063839	-1.4999637528668055	9	9	False
4	FABP1	2	Exp04_Pair2	117	118	0.12829340100981756	-1.1393232955846095	-1.267616696594427	9	9	False
4	FABP1	3	Exp04_Pair3	119	121	1.3015876466031866	1.0253358208071766	-0.27625182579601004	9	9	False
4	FCGRT	1	Exp04_Pair1	115	116	-1.6360441280373323	-2.0885753854529936	-0.45253125741566125	1	1	False
4	FCGRT	2	Exp04_Pair2	117	118	-2.269675892237566	-2.6305668047108677	-0.36089091247330174	1	1	False
4	FCGRT	3	Exp04_Pair3	119	121	0.2554566612077093	-0.6409632241999583	-0.8964198854076677	1	1	False
4	HMGCS2	1	Exp04_Pair1	115	116	0.28688114778816154	-0.11910206424717695	-0.4059832120353385	17	17	False
4	HMGCS2	2	Exp04_Pair2	117	118	-0.11091590140185058	-0.2705559931663367	-0.15964009176448613	17	17	False
4	HMGCS2	3	Exp04_Pair3	119	121	0.783969582971042	0.8382641488042349	0.05429456583319292	17	17	False
4	IGFBP2	1	Exp04_Pair1	115	116	-0.042456799242894826	-0.5907448533151622	-0.5482880540722674	5	5	False
4	IGFBP2	2	Exp04_Pair2	117	118	-0.5332423842738286	-1.3111482561341194	-0.7779058718602908	5	5	False
4	IGFBP2	3	Exp04_Pair3	119	121	0.5652124248414214	1.3801753117420252	0.8149628869006038	5	5	False
4	L1TD1	1	Exp04_Pair1	115	116	-0.7060410209713056	-1.1360615495760285	-0.43002052860472284	1	1	False
4	L1TD1	2	Exp04_Pair2	117	118	-0.8996950942043145	-1.6438561897747246	-0.7441610955704101	1	1	False
4	L1TD1	3	Exp04_Pair3	119	121	0.11103131238874393	0.0043216059500934675	-0.10670970643865046	1	1	False
4	LGALS3	1	Exp04_Pair1	115	116	-0.05180671887975906	-0.5507495371109055	-0.4989428182311464	5	5	False
4	LGALS3	2	Exp04_Pair2	117	118	-1.0174909545173398	-1.0220192694271857	-0.004528314909845843	5	5	False
4	LGALS3	3	Exp04_Pair3	119	121	0.698322802082423	-0.05609077051627262	-0.7544135725986957	5	5	False
4	LGALS4	1	Exp04_Pair1	115	116	1.7146199058547014	0.38599517218291457	-1.328624733671787	12	12	False
4	LGALS4	2	Exp04_Pair2	117	118	0.612785375958443	-0.4481148965282752	-1.0609002724867183	12	11	False
4	LGALS4	3	Exp04_Pair3	119	121	1.2128339706043492	1.13720558080157	-0.0756283898027792	12	12	False
4	MYL6	1	Exp04_Pair1	115	116	-0.007304434457072341	-0.678738853868303	-0.6714344194112307	9	9	False
4	MYL6	2	Exp04_Pair2	117	118	-0.549157011067798	-1.3056352072513957	-0.7564781961835977	9	9	False
4	MYL6	3	Exp04_Pair3	119	121	0.9500950941736861	0.302754752532329	-0.6473403416413571	9	9	False
4	NDRG1	1	Exp04_Pair1	115	116	0.6210555032997396	-0.6803820657998387	-1.3014375690995783	7	7	False
4	NDRG1	2	Exp04_Pair2	117	118	-0.3566055465201077	-1.1109159014018506	-0.7543103548817429	7	7	False
4	NDRG1	3	Exp04_Pair3	119	121	0.4594316186372973	0.1335635257411058	-0.3258680928961915	7	7	False
4	OLFM4	1	Exp04_Pair1	115	116	-0.1942948151614887	-0.18442457113742744	0.009870244024061253	1	1	False
4	OLFM4	2	Exp04_Pair2	117	118	-0.6620035364849841	-1.0892673380970874	-0.4272638016121033	1	1	False
4	OLFM4	3	Exp04_Pair3	119	121	1.2172307162206693	1.2041407167802252	-0.013089999440444089	1	1	False
4	PRDX6	1	Exp04_Pair1	115	116	0.24609580452433205	-0.698378282596399	-0.9444740871207311	11	11	False
4	PRDX6	2	Exp04_Pair2	117	118	-0.6119934996795605	-1.1844245711374275	-0.572431071457867	11	11	False
4	PRDX6	3	Exp04_Pair3	119	121	0.45838200415601327	0.10969486482592981	-0.34868713933008344	11	11	False
4	SLC25A5	1	Exp04_Pair1	115	116	0.25749286230967916	-0.4941090702700427	-0.7516019325797219	11	11	False
4	SLC25A5	2	Exp04_Pair2	117	118	-0.9088089417412064	-1.4760047001810128	-0.5671957584398064	11	11	False
4	SLC25A5	3	Exp04_Pair3	119	121	-0.026680977177479547	-0.3978282092466207	-0.3711472320691412	11	11	False
4	SLC26A2	1	Exp04_Pair1	115	116	1.064761567448226	-1.0824498059030565	-2.1472113733512828	2	2	False
4	SLC26A2	2	Exp04_Pair2	117	118	-0.2313569269063918	-1.6404630886128106	-1.409106161706419	2	2	False
4	SLC26A2	3	Exp04_Pair3	119	121	0.587044651466613	-0.24882700597240295	-0.8358716574390159	2	2	False
4	SORD	1	Exp04_Pair1	115	116	-0.29335894269059154	-0.4291528190177345	-0.13579387632714296	7	7	False
4	SORD	2	Exp04_Pair2	117	118	-0.7178567712185016	-1.1778817252706555	-0.46002495405215393	7	7	False
4	SORD	3	Exp04_Pair3	119	121	0.21288056634438476	0.3796209620557083	0.1667403957113235	7	7	False
4	SRI	1	Exp04_Pair1	115	116	0.42998960518406804	-0.6355077505934659	-1.0654973557775338	6	6	False
4	SRI	2	Exp04_Pair2	117	118	-0.413826092345838	-1.1626378600101592	-0.7488117676643212	6	6	False
4	SRI	3	Exp04_Pair3	119	121	0.3944788276998725	0.6350857587202389	0.24060693102036634	6	6	False
4	TPT1	1	Exp04_Pair1	115	116	-0.2513905461274561	-0.8434444223707116	-0.5920538762432555	4	4	False
4	TPT1	2	Exp04_Pair2	117	118	-0.8685549354421256	-1.317756365622695	-0.44920143018056935	4	4	False
4	TPT1	3	Exp04_Pair3	119	121	0.5779523156572649	0.36497908449140193	-0.21297323116586298	4	4	False
4	TRIP6	1	Exp04_Pair1	115	116	-0.5338182042825723	-0.4921655835604985	0.04165262072207382	1	1	False
4	TRIP6	2	Exp04_Pair2	117	118	-0.9872786216651224	-0.9529549481903373	0.034323673474785044	1	1	False
4	TRIP6	3	Exp04_Pair3	119	121	0.16378045363793248	0.18824966278855287	0.024469209150620397	1	1	False
4	TST	1	Exp04_Pair1	115	116	0.40381306161658964	-0.16650266314016504	-0.5703157247567547	9	9	False
4	TST	2	Exp04_Pair2	117	118	-0.15360697914763968	-1.0409717810563062	-0.8873648019086665	9	9	False
4	TST	3	Exp04_Pair3	119	121	0.8671521270134556	0.5762802576213554	-0.2908718693921002	9	9	False
5	ACAA2	1	Exp05_Pair1	115	116	-1.5063526660247897	-0.33825040018929514	1.1681022658354945	11	11	False
5	ACAA2	2	Exp05_Pair2	117	118	-0.45600928033515	-1.3808266759084766	-0.9248173955733267	11	10	False
5	ACAA2	3	Exp05_Pair3	119	121	-1.6803820657998387	-1.8586247242617042	-0.1782426584618655	11	10	False
5	B2M	1	Exp05_Pair1	115	116	-0.082595858993909	-0.03887062377882798	0.043725235215081024	3	3	False
5	B2M	2	Exp05_Pair2	117	118	0.73625428345853	-0.6542436373355258	-1.3904979207940558	3	3	False
5	B2M	3	Exp05_Pair3	119	121	-0.8368786017012952	-1.2249476264384513	-0.3880690247371561	3	3	False
5	CALM2	1	Exp05_Pair1	115	116	1.3260992504015368	0.9597701552114672	-0.3663290951900695	7	7	False
5	CALM2	2	Exp05_Pair2	117	118	0.8604561618335536	0.14336370489880926	-0.7170924569347443	7	7	False
5	CALM2	3	Exp05_Pair3	119	121	-0.25443158557261125	-0.48294004590538897	-0.22850846033277772	7	7	False
5	COX5A	1	Exp05_Pair1	115	116	-0.6943212567577125	0.08949815083910263	0.7838194075968151	3	3	False
5	COX5A	2	Exp05_Pair2	117	118	0.3628906426658603	-0.9077925619029111	-1.2706832045687715	3	3	False
5	COX5A	3	Exp05_Pair3	119	121	-0.8109661756099832	-1.2175914350726267	-0.4066252594626435	3	3	False
5	COX6C	1	Exp05_Pair1	115	116	-0.26876669472242004	0.31978997394125436	0.5885566686636744	4	4	False
5	COX6C	2	Exp05_Pair2	117	118	0.8152688099391667	-0.6368586213829386	-1.4521274313221053	4	4	False
5	COX6C	3	Exp05_Pair3	119	121	-0.7385185177395573	-1.0857800102101238	-0.3472614924705665	4	4	False
5	CYCS	1	Exp05_Pair1	115	116	-1.702534665093804	-0.4719288354212646	1.2306058296725393	7	7	False
5	CYCS	2	Exp05_Pair2	117	118	-0.47213006999231444	-1.5532055073115463	-1.0810754373192317	7	7	False
5	CYCS	3	Exp05_Pair3	119	121	-1.6943212567577124	-1.8726497712405887	-0.17832851448287634	7	7	False
5	DAB2	1	Exp05_Pair1	115	116	-1.2933589426905916	-0.5500425163719964	0.7433164263185952	1	1	False
5	DAB2	2	Exp05_Pair2	117	118	-0.1942948151614887	-1.6620035364849841	-1.4677087213234954	1	1	False
5	DAB2	3	Exp05_Pair3	119	121	-1.5269924320838262	-1.6620035364849841	-0.13501110440115793	1	1	False
5	DHRS11	1	Exp05_Pair1	115	116	-0.8836352433082154	-0.2549778509627355	0.6286573923454799	5	5	False
5	DHRS11	2	Exp05_Pair2	117	118	0.7145752388516258	-1.3147325934831584	-2.0293078323347844	5	5	False
5	DHRS11	3	Exp05_Pair3	119	121	-1.7759597257820698	-2.1328942704973453	-0.3569345447152754	5	5	False
5	EPCAM	1	Exp05_Pair1	115	116	-0.5332423842738286	0.23756371831767567	0.7708061025915043	5	5	False
5	EPCAM	2	Exp05_Pair2	117	118	0.751892138404309	-0.5332423842738286	-1.2851345226781377	5	5	False
5	EPCAM	3	Exp05_Pair3	119	121	-0.9606622948733314	-1.276179723619948	-0.3155174287466165	5	5	False
5	ETHE1	1	Exp05_Pair1	115	116	-0.888968687611256	0.2011635365612895	1.0901322241725455	11	11	False
5	ETHE1	2	Exp05_Pair2	117	118	0.47819525793916595	-1.4422223286050742	-1.92041758654424	11	11	False
5	ETHE1	3	Exp05_Pair3	119	121	-1.380821783940931	-1.7514651638613212	-0.3706433799203903	11	11	False
5	FABP1	1	Exp05_Pair1	115	116	-2.023269779322847	-0.2740407654908124	1.7492290138320348	7	7	False
5	FABP1	2	Exp05_Pair2	117	118	-0.10550850604749759	-1.90241188563318	-1.7969033795856824	7	7	False
5	FABP1	3	Exp05_Pair3	119	121	-1.905088352974533	-2.211886964562739	-0.30679861158820576	7	7	False
5	FCGRT	1	Exp05_Pair1	115	116	-1.2175914350726267	-0.9213901653036336	0.2962012697689931	3	3	False
5	FCGRT	2	Exp05_Pair2	117	118	0.13750352374993502	-1.6082322800440032	-1.7457358037939383	3	3	False
5	FCGRT	3	Exp05_Pair3	119	121	-1.7273795453370082	-1.8160371651574052	-0.088657619820397	3	3	False
5	GUCA2A	1	Exp05_Pair1	115	116	-1.0144995696951151	-0.6688680777827978	0.34563149191231735	1	1	False
5	GUCA2A	2	Exp05_Pair2	117	118	-0.052894948432125465	-1.1778817252706555	-1.12498677683853	1	1	False
5	GUCA2A	3	Exp05_Pair3	119	121	-1.139235797371172	-0.9434164716336325	0.19581932573753946	1	1	False
5	HMGCS2	1	Exp05_Pair1	115	116	-1.5269924320838262	0.3862591411333461	1.9132515732171722	15	15	False
5	HMGCS2	2	Exp05_Pair2	117	118	0.24610400988391656	-1.1202942337177118	-1.3663982436016284	15	15	False
5	HMGCS2	3	Exp05_Pair3	119	121	-1.3584539709124763	-1.6850135145314846	-0.3265595436190083	15	15	False
5	IGFBP2	1	Exp05_Pair1	115	116	-1.0896660883459048	-0.4682574961861243	0.6214085921597805	2	2	False
5	IGFBP2	2	Exp05_Pair2	117	118	0.04707258914343196	-1.4126470973731124	-1.4597196865165445	2	2	False
5	IGFBP2	3	Exp05_Pair3	119	121	-1.5263316599077865	-1.8747810973145964	-0.3484494374068099	2	2	False
5	LGALS3	1	Exp05_Pair1	115	116	-0.9489759969755331	0.30206033909065283	1.251036336066186	5	5	False
5	LGALS3	2	Exp05_Pair2	117	118	0.3906676855596674	-1.0519981840952044	-1.4426658696548718	5	5	False
5	LGALS3	3	Exp05_Pair3	119	121	-1.6170561304310094	-1.8677522017015602	-0.2506960712705508	5	5	False
5	LGALS4	1	Exp05_Pair1	115	116	-0.09522692319732809	0.8648018345058752	0.9600287577032033	12	12	False
5	LGALS4	2	Exp05_Pair2	117	118	1.1854775385021403	-1.0087413780369827	-2.194218916539123	12	12	False
5	LGALS4	3	Exp05_Pair3	119	121	-0.9871312192931958	-1.331586387883808	-0.3444551685906121	12	12	False
5	MYL6	1	Exp05_Pair1	115	116	-0.8198796740959204	-0.3086121535697583	0.5112675205261621	7	7	False
5	MYL6	2	Exp05_Pair2	117	118	0.10299399332332565	-1.23033571312553	-1.3333297064488556	7	7	False
5	MYL6	3	Exp05_Pair3	119	121	-1.5353317329965557	-1.8211260418302049	-0.2857943088336492	7	7	False
5	NDRG1	1	Exp05_Pair1	115	116	-0.8934035404241144	0.10686503018973229	1.0002685706138468	8	8	False
5	NDRG1	2	Exp05_Pair2	117	118	0.02929731609656748	-1.391383591630289	-1.4206809077268565	8	8	False
5	NDRG1	3	Exp05_Pair3	119	121	-1.3120429726098148	-1.603736388888192	-0.2916934162783771	8	8	False
5	OLFM4	1	Exp05_Pair1	115	116	0.39606427156211943	1.6283767655736614	1.232312494011542	8	8	False
5	OLFM4	2	Exp05_Pair2	117	118	0.3846240230292432	0.15768920924958635	-0.22693481377965685	8	8	False
5	OLFM4	3	Exp05_Pair3	119	121	-0.043943347587597055	-0.39545426163436476	-0.3515109140467677	7	7	False
5	PRDX6	1	Exp05_Pair1	115	116	-1.1287329878808379	-0.40075292318045835	0.7279800647003796	13	13	False
5	PRDX6	2	Exp05_Pair2	117	118	0.09491164702546696	-1.562962723775407	-1.6578743708008739	13	13	False
5	PRDX6	3	Exp05_Pair3	119	121	-1.7980891073151244	-2.0291463456595165	-0.23105723834439207	13	13	False
5	REG1A	1	Exp05_Pair1	115	116	0.6495214914776896	0.7424165695360312	0.09289507805834163	2	2	False
5	REG1A	2	Exp05_Pair2	117	118	0.4441618005098384	0.629469278389836	0.18530747787999763	2	2	False
5	REG1A	3	Exp05_Pair3	119	121	0.17166411156709083	-0.06729394992122367	-0.2389580614883145	2	2	False
5	SLC25A5	1	Exp05_Pair1	115	116	-0.6408603117135195	0.15302861105212665	0.7938889227656462	14	14	False
5	SLC25A5	2	Exp05_Pair2	117	118	0.40400791039166145	-1.0284020399787055	-1.432409950370367	14	14	False
5	SLC25A5	3	Exp05_Pair3	119	121	-1.250721312633943	-1.4685991074038491	-0.2178777947699062	14	14	False
5	SLC26A2	1	Exp05_Pair1	115	116	-1.1270483599980265	-0.6079756690456006	0.5190726909524259	2	2	False
5	SLC26A2	2	Exp05_Pair2	117	118	0.7628263243347913	-1.7930364524439584	-2.5558627767787496	2	2	False
5	SLC26A2	3	Exp05_Pair3	119	121	-1.4448417713288246	-2.1933205732739465	-0.7484788019451218	2	2	False
5	SORD	1	Exp05_Pair1	115	116	-0.9876341277407875	0.16052822190876748	1.148162349649555	8	8	False
5	SORD	2	Exp05_Pair2	117	118	-0.30768330008003975	-1.0853528553301617	-0.7776695552501219	8	8	False
5	SORD	3	Exp05_Pair3	119	121	-1.240788896879315	-1.6907205430541605	-0.4499316461748455	8	8	False
5	SRI	1	Exp05_Pair1	115	116	-1.6574452545226799	-0.8262329322632936	0.8312123222593862	5	5	False
5	SRI	2	Exp05_Pair2	117	118	-0.2927027380494547	-1.7001697142013352	-1.4074669761518805	5	5	False
5	SRI	3	Exp05_Pair3	119	121	-1.8262329322632938	-2.1844245711374275	-0.35819163887413374	5	5	False
5	TPT1	1	Exp05_Pair1	115	116	-0.2657466780567812	0.15191449144936237	0.41766116950614357	4	4	False
5	TPT1	2	Exp05_Pair2	117	118	0.20763005330260323	-0.4994891145499686	-0.7071191678525718	4	4	False
5	TPT1	3	Exp05_Pair3	119	121	-0.9576112153601544	-1.2452540222897102	-0.2876428069295558	4	4	False
5	TRIP6	1	Exp05_Pair1	115	116	-1.0474632101491625	-0.21037130059731124	0.8370919095518513	1	1	False
5	TRIP6	2	Exp05_Pair2	117	118	-0.4862078055119314	-1.3193179381816913	-0.8331101326697599	1	1	False
5	TRIP6	3	Exp05_Pair3	119	121	-1.4395320991011333	-1.963037797432727	-0.5235056983315938	1	1	False
5	TST	1	Exp05_Pair1	115	116	-0.777179019467811	0.17632277264046287	0.9535017921082738	11	11	False
5	TST	2	Exp05_Pair2	117	118	0.34482849699744117	-1.0115879742752119	-1.356416471272653	11	11	False
5	TST	3	Exp05_Pair3	119	121	-1.3219280948873622	-1.5691795034802285	-0.24725140859286632	11	11	False
6	ACAA2	1	Exp06_Pair1	115	116	-0.7848123977944662	0.9841112548209884	1.7689236526154546	15	16	True
6	ACAA2	2	Exp06_Pair2	117	118	-1.6170561304310094	0.3737375606416379	1.9907936910726471	15	16	True
6	ACAA2	3	Exp06_Pair3	119	121	-0.41119543298444966	1.0309708546358953	1.442166287620345	15	15	True
6	B2M	1	Exp06_Pair1	115	116	-0.8059129478836977	0.7849227015628613	1.590835649446559	1	1	True
6	B2M	2	Exp06_Pair2	117	118	-2.6803820657998387	-0.5063526660247898	2.174029399775049	1	1	True
6	B2M	3	Exp06_Pair3	119	121	-0.7297700927620023	0.005759269288684953	0.7355293620506873	1	1	True
6	BSG	1	Exp06_Pair1	115	116	-0.6553164221384693	0.6144859771378985	1.2698023992763678	4	4	True
6	BSG	2	Exp06_Pair2	117	118	-1.0549595673868988	0.4507252160484151	1.505684783435314	4	4	True
6	BSG	3	Exp06_Pair3	119	121	-0.04999844721633895	1.1941023471654753	1.244100794381814	4	4	True
6	CALM1	1	Exp06_Pair1	115	116	-0.3219280948873623	1.3286379071909282	1.6505660020782904	7	8	True
6	CALM1	2	Exp06_Pair2	117	118	-1.7407747306613295	-0.1095778808421557	1.6311968498191738	6	8	True
6	CALM1	3	Exp06_Pair3	119	121	-0.8601732211896606	0.7561693281392987	1.6163425493289592	8	7	True
6	CD9	1	Exp06_Pair1	115	116	-0.8390798118188968	0.45206823022381093	1.2911480420427077	1	1	True
6	CD9	2	Exp06_Pair2	117	118	-2.0528949484321255	-0.24127043154213734	1.8116245168899883	1	1	True
6	CD9	3	Exp06_Pair3	119	121	-0.3940316411585416	0.5430008774024255	0.9370325185609671	1	1	True
6	COX5A	1	Exp06_Pair1	115	116	-0.7661119398257227	0.6401188779519255	1.4062308177776481	3	3	True
6	COX5A	2	Exp06_Pair2	117	118	-0.4016347946763554	-0.05595979672287177	0.3456749979534836	3	3	True
6	COX5A	3	Exp06_Pair3	119	121	0.33913738491958534	0.6590166682803278	0.31987928336074245	3	3	True
6	COX6A1	2	Exp06_Pair2	117	118	-0.2986727425870594	-0.6826959316380852	-0.3840231890510258	1	1	True
6	COX6A1	3	Exp06_Pair3	119	121	0.3961594890731545	0.23756371831767567	-0.15859577075547884	1	1	True
6	COX6C	1	Exp06_Pair1	115	116	-0.2585190820045261	-0.06554206412362462	0.1929770178809015	2	2	True
6	COX6C	2	Exp06_Pair2	117	118	0.33432099776355784	0.0839923575713502	-0.25032864019220763	2	2	True
6	COX6C	3	Exp06_Pair3	119	121	0.9113512076534341	0.7616680626230006	-0.14968314503043356	2	2	True
6	DAB2	1	Exp06_Pair1	115	116	-0.6038405109268454	0.607862902831235	1.2117034137580804	3	3	True
6	DAB2	2	Exp06_Pair2	117	118	-0.7661119398257227	0.09895848008816877	0.8650704199138914	3	3	True
6	DAB2	3	Exp06_Pair3	119	121	0.10567807789453719	0.40816837070810624	0.30249029281356904	3	3	True
6	DHRS11	1	Exp06_Pair1	115	116	-0.27753397552890896	0.002882508533121365	0.28041648406203035	3	3	True
6	DHRS11	2	Exp06_Pair2	117	118	0.4636224568518934	-0.15360697914763968	-0.6172294359995331	3	3	True
6	DHRS11	3	Exp06_Pair3	119	121	0.4946716116475496	0.7154541271157177	0.22078251546816807	3	3	True
6	EPCAM	1	Exp06_Pair1	115	116	-0.306760055701883	0.9026375591943759	1.2093976148962589	5	5	True
6	EPCAM	2	Exp06_Pair2	117	118	-1.0115879742752119	0.4379966175676109	1.4495845918428227	5	4	True
6	EPCAM	3	Exp06_Pair3	119	121	0.8155754288625725	0.464684847315371	-0.3508905815472015	5	4	True
6	ETHE1	1	Exp06_Pair1	115	116	-0.0694518807521452	0.13838172139026697	0.20783360214241217	7	7	True
6	ETHE1	2	Exp06_Pair2	117	118	-0.4646061342466856	0.05286920619602478	0.5174753404427104	7	7	True
6	ETHE1	3	Exp06_Pair3	119	121	0.5465799489171412	0.39867710116064453	-0.1479028477564967	7	7	True
6	FABP1	1	Exp06_Pair1	115	116	-0.5756153284619034	-0.2593463954413834	0.31626893302052006	11	11	True
6	FABP1	2	Exp06_Pair2	117	118	-0.9434164716336325	0.733788168625182	1.6772046402588145	11	11	True
6	FABP1	3	Exp06_Pair3	119	121	0.15962918582122781	0.5704629310260412	0.41083374520481336	11	11	True
6	HMGCS2	1	Exp06_Pair1	115	116	-0.9040395235594951	0.7320520733002891	1.6360915968597842	18	19	True
6	HMGCS2	2	Exp06_Pair2	117	118	-1.5145731728297585	0.545052736767098	2.0596259095968565	19	19	True
6	HMGCS2	3	Exp06_Pair3	119	121	-0.6371093573341398	1.6313371441274813	2.268446501461621	19	17	True
6	IGFBP2	1	Exp06_Pair1	115	116	-0.16165326347876927	0.5947554236496365	0.7564086871284058	1	2	True
6	IGFBP2	2	Exp06_Pair2	117	118	-0.5543899632932877	0.070389327891398	0.6247792911846857	2	1	True
6	IGFBP2	3	Exp06_Pair3	119	121	0.6182386555954547	0.3334237337251918	-0.28481492187026286	1	1	True
6	LGALS3	1	Exp06_Pair1	115	116	-0.19083368040912588	0.33382346284677256	0.5246571432558984	7	7	True
6	LGALS3	2	Exp06_Pair2	117	118	-0.24297675349254041	0.640943468910044	0.8839202224025844	7	7	True
6	LGALS3	3	Exp06_Pair3	119	121	0.2965095277961072	0.7289499876473107	0.4324404598512035	7	7	True
6	LGALS4	1	Exp06_Pair1	115	116	-0.5433762444263123	0.47092725747512665	1.014303501901439	10	11	True
6	LGALS4	2	Exp06_Pair2	117	118	-0.05146765149318007	0.6350578297252141	0.6865254812183942	10	11	True
6	LGALS4	3	Exp06_Pair3	119	121	0.5665716406267608	0.8342826507542591	0.2677110101274983	11	11	True
6	MYL12A	1	Exp06_Pair1	115	116	-0.6345465306681974	0.6973245655342093	1.3318710962024067	6	7	True
6	MYL12A	2	Exp06_Pair2	117	118	-1.7775090458198188	0.060739157857678534	1.8382482036774974	4	7	True
6	MYL12A	3	Exp06_Pair3	119	121	-0.5865036038808582	0.3460600285237526	0.9325636324046108	6	7	True
6	MYL6	1	Exp06_Pair1	115	116	-0.2561948043339696	0.5190929772885489	0.7752877816225184	8	8	True
6	MYL6	2	Exp06_Pair2	117	118	-0.3200336661172497	0.23023569648079006	0.5502693625980397	8	8	True
6	MYL6	3	Exp06_Pair3	119	121	0.6404267088929653	0.22419681124489405	-0.4162298976480712	8	8	True
6	NDRG1	1	Exp06_Pair1	115	116	-0.6665762662748083	-0.30122993400247616	0.3653463322723321	5	5	True
6	NDRG1	2	Exp06_Pair2	117	118	-0.8996950942043145	-0.6380643441407489	0.2616307500635656	5	5	True
6	NDRG1	3	Exp06_Pair3	119	121	0.10777593496388838	0.5270703355126605	0.4192944005487721	5	5	True
6	OLFM4	1	Exp06_Pair1	115	116	-1.1759495366724586	2.8890321498400215	4.06498168651248	8	13	True
6	OLFM4	2	Exp06_Pair2	117	118	-1.0777155796289395	-0.03865870329815479	1.0390568763307848	5	12	True
6	OLFM4	3	Exp06_Pair3	119	121	-0.514268603788484	0.6645646691749768	1.1788332729634607	12	11	True
6	PRDX6	1	Exp06_Pair1	115	116	0.06449515722210908	0.2946124823654517	0.2301173251433426	12	12	True
6	PRDX6	2	Exp06_Pair2	117	118	-0.5777669993169522	-0.2781330287594137	0.2996339705575385	11	12	True
6	PRDX6	3	Exp06_Pair3	119	121	0.6121475261424069	0.5444554597725095	-0.06769206636989733	12	12	True
6	SORD	1	Exp06_Pair1	115	116	-0.715534492314458	1.254594043033141	1.970128535347599	8	9	True
6	SORD	2	Exp06_Pair2	117	118	-1.0469210473874926	0.34131990629745923	1.3882409536849518	9	8	True
6	SORD	3	Exp06_Pair3	119	121	-0.3538729807300438	1.0565835283663676	1.4104565090964114	8	9	True
6	SRI	1	Exp06_Pair1	115	116	0.4668318176465336	0.7925286332097239	0.3256968155631903	4	4	True
6	SRI	2	Exp06_Pair2	117	118	-0.9489736226144492	0.2716789154194439	1.220652538033893	4	4	True
6	SRI	3	Exp06_Pair3	119	121	0.3791588849179538	0.8830691790926734	0.5039102941747196	4	4	True
6	TPT1	1	Exp06_Pair1	115	116	-0.1440103026915193	1.3345682756661326	1.478578578357652	1	1	True
6	TPT1	2	Exp06_Pair2	117	118	-1.434402824145775	0.1877677470460248	1.6221705711917997	1	1	True
6	TPT1	3	Exp06_Pair3	119	121	-0.15682010974282581	0.7432995278882566	0.9001196376310824	1	1	True
6	TST	1	Exp06_Pair1	115	116	-0.09418820590121993	1.0545473654835829	1.1487355713848029	4	4	True
6	TST	2	Exp06_Pair2	117	118	-0.7546779698724531	0.31446501019985185	1.069142980072305	4	4	True
6	TST	3	Exp06_Pair3	119	121	0.061382736177407894	0.5480748637487518	0.4866921275713439	4	4	True
7	ACAA2	1	Exp07_Pair1	115	116	0.30903651018300493	0.8427615427029133	0.5337250325199083	10	9	True
7	ACAA2	2	Exp07_Pair2	117	118	0.09598153907739007	0.8742178576166078	0.7782363185392177	10	10	True
7	ACAA2	3	Exp07_Pair3	119	121	0.21299628864873377	0.6002573733041973	0.3872610846554635	10	10	True
7	BSG	1	Exp07_Pair1	115	116	1.292192773901891	0.7974280821523131	-0.49476469174957793	1	1	True
7	BSG	2	Exp07_Pair2	117	118	1.1296127381304697	1.421694581180292	0.2920818430498222	1	1	True
7	BSG	3	Exp07_Pair3	119	121	0.48129894154756514	0.9745293124838819	0.4932303709363167	1	1	True
7	CALM2	1	Exp07_Pair1	115	116	0.2833291680516414	1.641083552712065	1.3577543846604236	7	7	True
7	CALM2	2	Exp07_Pair2	117	118	-0.7710274302398392	0.08542465625267766	0.8564520864925169	7	7	True
7	CALM2	3	Exp07_Pair3	119	121	-0.929610672108602	-0.009409771753143854	0.9202009003554582	7	6	True
7	CD9	1	Exp07_Pair1	115	116	1.3196179342001613	2.1365195325505604	0.8169015983503991	1	1	True
7	CD9	2	Exp07_Pair2	117	118	0.47819525793916595	2.130271954518859	1.6520766965796931	1	1	True
7	CD9	3	Exp07_Pair3	119	121	0.5753123306874368	1.3550162642195498	0.779703933532113	1	1	True
7	COX5A	1	Exp07_Pair1	115	116	1.0547437925135772	0.5738132058169232	-0.480930586696654	2	2	True
7	COX5A	2	Exp07_Pair2	117	118	0.46273752383374045	1.1662447672989256	0.7035072434651851	2	2	True
7	COX5A	3	Exp07_Pair3	119	121	0.3187467855681334	0.44631005553105907	0.12756326996292566	2	2	True
7	CYCS	1	Exp07_Pair1	115	116	0.48709479381835763	0.6552744683083105	0.16817967448995286	8	8	True
7	CYCS	2	Exp07_Pair2	117	118	0.3610181051838691	1.2994091829687642	0.9383910777848951	8	8	True
7	CYCS	3	Exp07_Pair3	119	121	0.6062359228569127	1.1373600152456231	0.5311240923887104	8	8	True
7	DHRS11	1	Exp07_Pair1	115	116	0.23143240844796506	-0.27928375747886874	-0.5107161659268338	1	1	True
7	DHRS11	2	Exp07_Pair2	117	118	0.7748397598273264	-0.186064929518683	-0.9609046893460095	1	1	True
7	DHRS11	3	Exp07_Pair3	119	121	1.3236582910262449	0.2203299548795556	-1.1033283361466892	1	1	True
7	EPCAM	1	Exp07_Pair1	115	116	1.2245187757580491	1.1080464327367345	-0.1164723430213146	8	8	True
7	EPCAM	2	Exp07_Pair2	117	118	0.525907217954986	1.2875789431369453	0.7616717251819594	8	8	True
7	EPCAM	3	Exp07_Pair3	119	121	0.34390278720577655	1.1026440147783851	0.7587412275726086	8	8	True
7	ETHE1	1	Exp07_Pair1	115	116	-0.031617154323673756	0.1831932828765115	0.21481043720018525	7	7	True
7	ETHE1	2	Exp07_Pair2	117	118	-0.020198002676914198	0.12697285625776553	0.14717085893467974	7	7	True
7	ETHE1	3	Exp07_Pair3	119	121	0.08627512000895529	0.3070769288818873	0.22080180887293202	7	7	True
7	FABP1	1	Exp07_Pair1	115	116	1.4701705895778692	0.2917451003893825	-1.1784254891884867	11	11	True
7	FABP1	2	Exp07_Pair2	117	118	0.7355091669163256	1.2209586957199488	0.48544952880362313	11	11	True
7	FABP1	3	Exp07_Pair3	119	121	0.3538878362849074	-0.39973024649099537	-0.7536180827759027	11	11	True
7	HMGCS2	1	Exp07_Pair1	115	116	0.35286727087139214	0.5926364286065773	0.23976915773518515	16	15	True
7	HMGCS2	2	Exp07_Pair2	117	118	-0.17569109269319125	0.9973940681530056	1.1730851608461967	16	14	True
7	HMGCS2	3	Exp07_Pair3	119	121	0.0864280714603419	0.9153132492825771	0.8288851778222351	15	14	True
7	IGFBP2	1	Exp07_Pair1	115	116	0.8678964639926549	0.38294386956899057	-0.4849525944236643	1	1	True
7	IGFBP2	2	Exp07_Pair2	117	118	0.15315678806142052	-0.0014116147058861328	-0.15456840276730666	1	1	True
7	IGFBP2	3	Exp07_Pair3	119	121	0.2338880601742773	0.9426083361116633	0.708720275937386	1	1	True
7	LGALS3	1	Exp07_Pair1	115	116	0.6429640667856598	0.32371843641110687	-0.3192456303745529	6	6	True
7	LGALS3	2	Exp07_Pair2	117	118	0.16302098328127884	0.667932429564636	0.5049114462833573	6	6	True
7	LGALS3	3	Exp07_Pair3	119	121	0.5481779003420431	0.2947456210224933	-0.25343227931954976	6	6	True
7	LGALS4	1	Exp07_Pair1	115	116	1.3516020841947534	0.8922926119230762	-0.4593094722716772	12	12	True
7	LGALS4	2	Exp07_Pair2	117	118	0.7961818724779246	0.8090027749390863	0.012820902461161743	12	13	True
7	LGALS4	3	Exp07_Pair3	119	121	0.9448584458075391	0.7222620479833424	-0.2225963978241967	13	12	True
7	MT1G	1	Exp07_Pair1	115	116	1.5577776713949258	0.22280456104526114	-1.3349731103496647	1	1	True
7	MT1G	2	Exp07_Pair2	117	118	0.43402767466359743	0.2785795504584233	-0.15544812420517412	1	1	True
7	MT1G	3	Exp07_Pair3	119	121	1.1647862781433398	0.4265331381166733	-0.7382531400266665	1	1	True
7	MYL6	1	Exp07_Pair1	115	116	1.011265580624926	0.985976461186096	-0.025289119438829943	9	9	True
7	MYL6	2	Exp07_Pair2	117	118	0.9084286501687873	1.034215715337913	0.12578706516912574	9	9	True
7	MYL6	3	Exp07_Pair3	119	121	0.7782085763980877	0.9313048436506692	0.15309626725258152	9	9	True
7	NDRG1	1	Exp07_Pair1	115	116	0.6461626571578936	0.9730757101687637	0.32691305301087015	3	3	True
7	NDRG1	2	Exp07_Pair2	117	118	0.9545685707529941	1.4693650537048435	0.5147964829518494	3	3	True
7	NDRG1	3	Exp07_Pair3	119	121	0.8877060855279244	0.5360529002402097	-0.3516531852877147	3	3	True
7	OLFM4	1	Exp07_Pair1	115	116	-0.6902736217352361	0.6163576969966904	1.3066313187319265	2	3	True
7	OLFM4	2	Exp07_Pair2	117	118	-0.8358867874700009	-0.18114943910456646	0.6547373483654344	2	3	True
7	OLFM4	3	Exp07_Pair3	119	121	-0.8094371628520406	-0.23626337090696026	0.5731737919450803	2	2	True
7	PRDX6	1	Exp07_Pair1	115	116	0.9282145151374985	0.7095698678083409	-0.21864464732915767	16	16	True
7	PRDX6	2	Exp07_Pair2	117	118	0.2696215992717085	0.6915919649907992	0.42197036571909075	16	16	True
7	PRDX6	3	Exp07_Pair3	119	121	0.749562042687236	0.6776192302478843	-0.07194281243935174	16	15	True
7	SORD	1	Exp07_Pair1	115	116	0.5995173350608467	0.7757393058298636	0.1762219707690169	4	4	True
7	SORD	2	Exp07_Pair2	117	118	0.05255205181151604	0.5754136975688906	0.5228616457573746	4	4	True
7	SORD	3	Exp07_Pair3	119	121	0.2325839482933768	0.6055995698466309	0.3730156215532541	4	4	True
7	SRI	1	Exp07_Pair1	115	116	1.2453518060341842	2.0169021313141515	0.7715503252799674	4	4	True
7	SRI	2	Exp07_Pair2	117	118	0.4516366605776666	1.9286731343478616	1.477036473770195	4	4	True
7	SRI	3	Exp07_Pair3	119	121	0.8003881162003004	1.314549592671454	0.5141614764711537	4	4	True
7	TPT1	1	Exp07_Pair1	115	116	0.3372113427008656	0.39150575949494026	0.05429441679407465	2	2	True
7	TPT1	2	Exp07_Pair2	117	118	0.9313048436506692	1.0794457524924517	0.14814090884178244	3	2	True
7	TPT1	3	Exp07_Pair3	119	121	0.5743437539200129	1.0387883131577016	0.4644445592376887	3	2	True
7	TRIP6	1	Exp07_Pair1	115	116	1.4494293141031993	1.5577776713949258	0.10834835729172654	1	1	True
7	TRIP6	2	Exp07_Pair2	117	118	1.1116990721974203	0.9130329999521413	-0.198666072245279	1	1	True
7	TRIP6	3	Exp07_Pair3	119	121	1.1826922975161902	0.8559896973084807	-0.32670260020770947	1	1	True
7	TST	1	Exp07_Pair1	115	116	0.22681409847929107	0.46023659853410637	0.2334225000548153	6	6	True
7	TST	2	Exp07_Pair2	117	118	-0.1502206303111464	0.18839189701029257	0.338612527321439	6	6	True
7	TST	3	Exp07_Pair3	119	121	-0.26111575160255496	0.4074392522149549	0.6685550038175099	6	6	True
8	ACAA2	1	Exp08_Pair1	115	116	-0.4001154174606739	0.252173413202027	0.6522888306627009	12	13	True
8	ACAA2	2	Exp08_Pair2	117	118	0.08718317498757376	0.7406397289549377	0.6534565539673639	12	12	True
8	ACAA2	3	Exp08_Pair3	119	121	0.5474737218948862	0.41686718124855093	-0.13060654064633526	13	12	True
8	CALM1	1	Exp08_Pair1	115	116	-0.882797353630443	-0.669527372153975	0.21326998147646803	8	8	True
8	CALM1	2	Exp08_Pair2	117	118	-1.704398240599839	0.6032977757835833	2.3076960163834226	8	8	True
8	CALM1	3	Exp08_Pair3	119	121	-0.4652403553393007	0.1715845058151538	0.6368248611544545	8	8	True
8	CD9	1	Exp08_Pair1	115	116	-0.4167322507471847	0.5594589116749517	0.9761911624221363	1	1	True
8	CD9	2	Exp08_Pair2	117	118	-0.026024816581281245	0.9902046182100359	1.0162294347913172	1	1	True
8	CD9	3	Exp08_Pair3	119	121	0.3754618671220573	0.22438705761828806	-0.15107480950376925	1	1	True
8	COX5A	1	Exp08_Pair1	115	116	-0.6416037380433459	-0.3437324652057107	0.2978712728376352	3	3	True
8	COX5A	2	Exp08_Pair2	117	118	0.07450543636362975	0.765534746362977	0.6910293099993473	3	3	True
8	COX5A	3	Exp08_Pair3	119	121	0.23992776233894822	0.5183452030061916	0.2784174406672434	3	3	True
8	COX6C	1	Exp08_Pair1	115	116	0.29042440386529966	0.5240636757772107	0.23363927191191103	3	3	True
8	COX6C	2	Exp08_Pair2	117	118	1.2016338611696504	0.7857597744270111	-0.41587408674263937	3	3	True
8	COX6C	3	Exp08_Pair3	119	121	1.166072675946706	1.0313951962755343	-0.1346774796711716	3	3	True
8	CYCS	1	Exp08_Pair1	115	116	-0.18712640528803726	0.7723639080143803	0.9594903133024175	6	6	True
8	CYCS	2	Exp08_Pair2	117	118	0.44760407965354726	0.8172032363238118	0.3695991566702645	6	5	True
8	CYCS	3	Exp08_Pair3	119	121	0.6048477140533202	0.5041266084454941	-0.1007211056078261	6	6	True
8	DAB2	1	Exp08_Pair1	115	116	0.5129853348136765	0.5129853348136765	0.0	1	1	True
8	DAB2	2	Exp08_Pair2	117	118	0.875780063068488	0.0043216059500934675	-0.8714584571183945	1	1	True
8	DAB2	3	Exp08_Pair3	119	121	0.7476022302749431	1.0565835283663676	0.3089812980914245	1	1	True
8	DHRS11	1	Exp08_Pair1	115	116	0.9701173976055	-0.2378638300988879	-1.207981227704388	1	1	True
8	DHRS11	2	Exp08_Pair2	117	118	1.722466024471091	0.1190241031422746	-1.6034419213288165	1	1	True
8	DHRS11	3	Exp08_Pair3	119	121	1.0908534304511135	-0.8468432119385795	-1.9376966423896929	1	1	True
8	EPCAM	1	Exp08_Pair1	115	116	-1.2827897009804041	-0.06190243892590685	1.2208872620544973	3	3	True
8	EPCAM	2	Exp08_Pair2	117	118	0.04940043306912269	-0.4481148965282752	-0.49751532959739786	3	3	True
8	EPCAM	3	Exp08_Pair3	119	121	0.0601003143134384	0.060643665819240786	0.0005433515058023836	3	3	True
8	ETHE1	1	Exp08_Pair1	115	116	-0.29512803554364725	-0.43073429720220546	-0.1356062616585582	7	8	True
8	ETHE1	2	Exp08_Pair2	117	118	0.36077295186646396	-0.30436249587261965	-0.6651354477390836	8	8	True
8	ETHE1	3	Exp08_Pair3	119	121	0.3230813285789468	-0.23616354110904858	-0.5592448696879954	8	7	True
8	FABP1	1	Exp08_Pair1	115	116	0.9297308736525822	-0.346495614484334	-1.2762264881369163	12	12	True
8	FABP1	2	Exp08_Pair2	117	118	0.1466082912988525	0.34524385996409185	0.19863556866523935	12	12	True
8	FABP1	3	Exp08_Pair3	119	121	0.8797624389261549	-0.2092955468829181	-1.089057985809073	12	12	True
8	HMGCS2	1	Exp08_Pair1	115	116	-0.3300892475383287	0.16279106907004287	0.49288031660837156	16	18	True
8	HMGCS2	2	Exp08_Pair2	117	118	-0.6170561304310094	0.6286682729785141	1.2457244034095236	17	17	True
8	HMGCS2	3	Exp08_Pair3	119	121	0.1712068274181424	-0.6698665210388706	-0.841073348457013	17	14	True
8	IGFBP2	1	Exp08_Pair1	115	116	-0.15608981628998803	1.079975376720596	1.236065193010584	2	1	True
8	IGFBP2	2	Exp08_Pair2	117	118	0.07450543636362975	0.4195307259824913	0.3450252896188616	1	2	True
8	IGFBP2	3	Exp08_Pair3	119	121	0.7604338746701116	0.2141248053528473	-0.5463090693172643	1	1	True
8	LGALS3	1	Exp08_Pair1	115	116	-0.2124738583196164	-0.7108561985656784	-0.498382340246062	6	6	True
8	LGALS3	2	Exp08_Pair2	117	118	1.0124044898643532	0.5008052955064792	-0.5115991943578739	6	6	True
8	LGALS3	3	Exp08_Pair3	119	121	0.4493001800382163	0.013251249233972424	-0.4360489308042439	6	6	True
8	LGALS4	1	Exp08_Pair1	115	116	-0.6723497340615346	0.11370049916472831	0.786050233226263	12	12	True
8	LGALS4	2	Exp08_Pair2	117	118	0.803552691879247	0.33913738491958534	-0.4644153069596617	12	11	True
8	LGALS4	3	Exp08_Pair3	119	121	1.2336321745201193	-0.16825390826671746	-1.4018860827868367	12	11	True
8	MT1G	1	Exp08_Pair1	115	116	-1.5649048483799026	0.12167855658825248	1.6865834049681552	1	1	True
8	MT1G	3	Exp08_Pair3	119	121	1.7207162425211313	-0.8287931725818576	-2.549509415102989	1	1	True
8	MYL6	1	Exp08_Pair1	115	116	0.5522199366493068	0.5902860242670729	0.03806608761776609	8	8	True
8	MYL6	2	Exp08_Pair2	117	118	0.7516273595308809	0.5468365599662705	-0.20479079956461044	8	8	True
8	MYL6	3	Exp08_Pair3	119	121	0.7670753858845483	0.9583380619206356	0.19126267603608738	8	8	True
8	NDRG1	1	Exp08_Pair1	115	116	-0.5030601541932249	-0.10574041315573512	0.3973197410374898	6	6	True
8	NDRG1	2	Exp08_Pair2	117	118	0.25737674921987674	0.3754754069020592	0.11809865768218247	6	6	True
8	NDRG1	3	Exp08_Pair3	119	121	0.3854102953260806	0.5698477267931571	0.18443743146707647	6	6	True
8	OLFM4	1	Exp08_Pair1	115	116	-1.5437195184892745	-0.9141773167615108	0.6295422017277637	3	4	True
8	OLFM4	2	Exp08_Pair2	117	118	-1.4860040206329874	1.2670449666110866	2.7530489872440738	3	4	True
8	OLFM4	3	Exp08_Pair3	119	121	-0.35291578737104634	-1.22431729826094	-0.8714015108898937	3	3	True
8	PRDX6	1	Exp08_Pair1	115	116	-0.37519723474705274	0.35108757504814925	0.7262848097952019	13	12	True
8	PRDX6	2	Exp08_Pair2	117	118	0.42545930476535526	0.6205980247004088	0.19513871993505355	13	12	True
8	PRDX6	3	Exp08_Pair3	119	121	0.020768689875852432	0.5491539574437384	0.528385267567886	14	12	True
8	REG1A	1	Exp08_Pair1	115	116	-0.3732255853997015	4.869039079926563	5.242264665326265	2	2	True
8	REG1A	2	Exp08_Pair2	117	118	0.2978773748504716	0.0282472907755574	-0.26963008407491423	2	2	True
8	REG1A	3	Exp08_Pair3	119	121	1.1953470481055601	0.2871088955822314	-0.9082381525233287	2	2	True
8	SORD	1	Exp08_Pair1	115	116	-0.6157100699107518	0.1335635257411058	0.7492735956518577	6	7	True
8	SORD	2	Exp08_Pair2	117	118	0.5089356618643954	-0.032093629709853334	-0.5410292915742487	7	5	True
8	SORD	3	Exp08_Pair3	119	121	0.045442970761167115	0.5220557491609643	0.4766127783997972	7	5	True
8	SRI	1	Exp08_Pair1	115	116	1.232618434752636	0.876566058751721	-0.3560523760009151	3	3	True
8	SRI	2	Exp08_Pair2	117	118	-0.19521233841699878	1.0617195407807762	1.256931879197775	3	3	True
8	SRI	3	Exp08_Pair3	119	121	0.20539251298968483	0.39388338496928377	0.18849087197959893	3	3	True
8	TPT1	1	Exp08_Pair1	115	116	0.6089087482886718	0.10969486482592981	-0.499213883462742	2	3	True
8	TPT1	2	Exp08_Pair2	117	118	1.4474267564693042	0.23554949833119415	-1.21187725813811	2	2	True
8	TPT1	3	Exp08_Pair3	119	121	0.5861342564727408	0.6356173196172685	0.04948306314452777	2	2	True
8	TST	1	Exp08_Pair1	115	116	-0.588573754273535	-0.5972778231543954	-0.008704068880860394	3	3	True
8	TST	2	Exp08_Pair2	117	118	0.02573756141360827	0.5878450092542774	0.5621074478406691	3	3	True
8	TST	3	Exp08_Pair3	119	121	0.6304054714823233	-0.15200309344504997	-0.7824085649273733	3	3	True
9	ACAA2	1	Exp09_Pair1	115	116	-0.6392620457208162	-0.15200309344504997	0.48725895227576627	13	15	True
9	ACAA2	2	Exp09_Pair2	117	118	-0.1844152562760764	-0.21763825200691547	-0.03322299573083906	14	15	True
9	ACAA2	3	Exp09_Pair3	119	121	-0.42675580160614857	-0.2670796178917426	0.15967618371440595	16	13	True
9	B2M	1	Exp09_Pair1	115	116	-1.3293828371224174	0.3391008709118767	1.668483708034294	1	1	True
9	B2M	2	Exp09_Pair2	117	118	-0.9048000294464138	-1.5511954556417622	-0.6463954261953484	1	1	True
9	B2M	3	Exp09_Pair3	119	121	-0.32994563069254035	0.07272721576911417	0.4026728464616545	1	1	True
9	BSG	1	Exp09_Pair1	115	116	0.06901467791518046	0.24610400988391656	0.1770893319687361	1	1	True
9	BSG	2	Exp09_Pair2	117	118	0.7372541043243298	0.9545685707529941	0.21731446642866425	1	1	True
9	BSG	3	Exp09_Pair3	119	121	0.08949815083910263	0.007195501404203766	-0.08230264943489887	1	1	True
9	CALM1	1	Exp09_Pair1	115	116	-0.956695064242862	0.5190386096000587	1.4757336738429205	6	7	True
9	CALM1	2	Exp09_Pair2	117	118	-0.5434942264608614	0.10299399332332565	0.646488219784187	7	7	True
9	CALM1	3	Exp09_Pair3	119	121	0.11103131238874393	0.17181533829722428	0.06078402590848035	7	6	True
9	CD9	1	Exp09_Pair1	115	116	-0.4679324477109693	0.606915941825205	1.0748483895361742	1	1	True
9	CD9	2	Exp09_Pair2	117	118	-0.12815635149068216	0.5360529002402097	0.6642092517308918	1	1	True
9	CD9	3	Exp09_Pair3	119	121	0.5567972465927431	0.7990873060740036	0.24229005948126048	1	1	True
9	COX5A	1	Exp09_Pair1	115	116	-0.2108967824986185	0.27943747837541466	0.4903342608740332	5	5	True
9	COX5A	2	Exp09_Pair2	117	118	0.5459683691052926	0.4987614656718524	-0.04720690343344014	5	5	True
9	COX5A	3	Exp09_Pair3	119	121	0.8851838663203511	0.31730406836191477	-0.5678797979584362	5	5	True
9	COX6C	1	Exp09_Pair1	115	116	-0.5245030575163264	0.490570861285127	1.0150739188014535	1	1	True
9	COX6C	2	Exp09_Pair2	117	118	0.38508045912960986	0.8452519055395263	0.4601714464099165	1	1	True
9	COX6C	3	Exp09_Pair3	119	121	0.4861349458050276	0.5243343251446084	0.03819937933958084	1	1	True
9	CYCS	1	Exp09_Pair1	115	116	-0.40565193311952485	0.18339748945112633	0.5890494225706512	6	6	True
9	CYCS	2	Exp09_Pair2	117	118	0.17178679705898184	-1.4367355281943772	-1.6085223252533591	6	6	True
9	CYCS	3	Exp09_Pair3	119	121	0.3595601118317217	0.2116520994106319	-0.1479080124210898	6	6	True
9	DHRS11	1	Exp09_Pair1	115	116	0.7548732531828273	0.2638499690003063	-0.491023284182521	2	2	True
9	DHRS11	2	Exp09_Pair2	117	118	1.1837608789498641	0.26436566581519105	-0.9193952131346731	2	2	True
9	DHRS11	3	Exp09_Pair3	119	121	0.9360558326569692	-0.30339515293504854	-1.2394509855920177	2	2	True
9	EPCAM	1	Exp09_Pair1	115	116	-0.6266936598548194	0.3103048103760435	0.9369984702308629	4	4	True
9	EPCAM	2	Exp09_Pair2	117	118	0.3985765938277968	0.03771018006931351	-0.3608664137584833	4	4	True
9	EPCAM	3	Exp09_Pair3	119	121	0.4710675300169169	-0.04217301089385411	-0.513240540910771	4	4	True
9	ETHE1	1	Exp09_Pair1	115	116	-0.058724643037770544	-0.2601518973006725	-0.20142725426290198	9	9	True
9	ETHE1	2	Exp09_Pair2	117	118	0.4372277389129098	0.14031190129214882	-0.29691583762076096	9	9	True
9	ETHE1	3	Exp09_Pair3	119	121	0.5230600617952494	-0.0028882793248265117	-0.5259483411200759	9	9	True
9	FABP1	1	Exp09_Pair1	115	116	0.5149886070591463	-0.45600928033515	-0.9709978873942963	11	11	True
9	FABP1	2	Exp09_Pair2	117	118	0.7932716544980827	-0.7710358328038962	-1.5643074873019789	11	11	True
9	FABP1	3	Exp09_Pair3	119	121	-1.5255740054390294	-1.4402754279823244	0.085298577456705	11	11	True
9	HMGCS2	1	Exp09_Pair1	115	116	-0.49587621842932283	-0.6310649155745627	-0.13518869714523984	18	18	True
9	HMGCS2	2	Exp09_Pair2	117	118	-0.050279144188827625	0.14274017211608214	0.19301931630490976	18	15	True
9	HMGCS2	3	Exp09_Pair3	119	121	-1.7226103011891363	-2.1669762170259945	-0.44436591583685825	17	16	True
9	IGFBP2	1	Exp09_Pair1	115	116	-1.0619024389259069	-0.020340448284175534	1.0415619906417313	1	1	True
9	IGFBP2	2	Exp09_Pair2	117	118	-0.21759143507262677	0.2998307618223704	0.5174221968949971	1	1	True
9	IGFBP2	3	Exp09_Pair3	119	121	-0.01304303747559888	0.2630344058337938	0.27607744330939266	1	1	True
9	ITM2C	1	Exp09_Pair1	115	116	0.7099182841693394	0.3324088807980905	-0.37750940337124894	1	1	True
9	ITM2C	2	Exp09_Pair2	117	118	-0.015666326957890053	0.883191570500649	0.8988578974585391	1	1	True
9	ITM2C	3	Exp09_Pair3	119	121	0.628083846614307	-0.03431656127639973	-0.6624004078907068	1	1	True
9	LGALS3	1	Exp09_Pair1	115	116	0.5160151470036647	0.15574923267794485	-0.36026591432571986	7	7	True
9	LGALS3	2	Exp09_Pair2	117	118	1.029276182370632	0.014531347888006113	-1.014744834482626	7	7	True
9	LGALS3	3	Exp09_Pair3	119	121	0.2809563138310563	0.10030490579568548	-0.18065140803537083	7	7	True
9	LGALS4	1	Exp09_Pair1	115	116	-0.12186323337305248	0.30801131455217756	0.42987454792523005	13	13	True
9	LGALS4	2	Exp09_Pair2	117	118	0.8070580780085144	0.35591390558642694	-0.45114417242208743	14	14	True
9	LGALS4	3	Exp09_Pair3	119	121	0.5495014660958555	-0.08058299620887005	-0.6300844623047255	14	13	True
9	MT1G	3	Exp09_Pair3	119	121	2.4974846313192023	0.6816741417928334	-1.815810489526369	1	1	True
9	MYL12A	1	Exp09_Pair1	115	116	-0.6938155685670648	0.26346408073678523	0.95727964930385	8	8	True
9	MYL12A	2	Exp09_Pair2	117	118	-0.28360828477463007	-1.5288820101670226	-1.2452737253923924	8	8	True
9	MYL12A	3	Exp09_Pair3	119	121	-0.0011479149860566251	0.2164836101025954	0.21763152508865202	8	8	True
9	MYL6	1	Exp09_Pair1	115	116	-0.30463974681045203	0.39336090408969265	0.6980006509001446	9	9	True
9	MYL6	2	Exp09_Pair2	117	118	0.34596403034287176	-0.040971781056306174	-0.38693581139917793	9	9	True
9	MYL6	3	Exp09_Pair3	119	121	0.9873990015895476	0.4774536221149911	-0.5099453794745565	9	9	True
9	NDRG1	1	Exp09_Pair1	115	116	-0.020383484260708566	0.06880816312923244	0.08919164738994101	6	6	True
9	NDRG1	2	Exp09_Pair2	117	118	0.7940914231891414	0.8531507798551341	0.05905935666599271	6	6	True
9	NDRG1	3	Exp09_Pair3	119	121	0.5189075706392305	0.12686638215578008	-0.3920411884834505	6	6	True
9	OLFM4	1	Exp09_Pair1	115	116	-2.8262329322632938	0.16023599152397786	2.9864689237872715	3	4	True
9	OLFM4	2	Exp09_Pair2	117	118	-1.0811171657516807	-0.21917416574184545	0.8619430000098353	3	4	True
9	OLFM4	3	Exp09_Pair3	119	121	-0.6551715030025589	-0.6529298631298543	0.0022416398727045372	3	3	True
9	PRDX6	1	Exp09_Pair1	115	116	-0.4860040206329874	0.21757105123493248	0.7035750718679199	13	13	True
9	PRDX6	2	Exp09_Pair2	117	118	0.007195501404203766	-0.26549985202067566	-0.27269535342487944	13	13	True
9	PRDX6	3	Exp09_Pair3	119	121	0.5232500701542694	0.42545930476535526	-0.09779076538891412	13	13	True
9	SORD	1	Exp09_Pair1	115	116	0.09319956719647926	0.6465586788034385	0.5533591116069593	2	2	True
9	SORD	2	Exp09_Pair2	117	118	0.9986911906515132	1.476484329863116	0.4777931392116028	2	2	True
9	SORD	3	Exp09_Pair3	119	121	1.839145836972747	1.6190234915174884	-0.22012234545525855	2	2	True
9	SPINK1	1	Exp09_Pair1	115	116	-0.7809089417538033	0.2215677885384093	1.0024767302922126	1	1	True
9	SPINK1	2	Exp09_Pair2	117	118	-0.15200309344504997	0.7101727482796617	0.8621758417247116	1	1	True
9	SPINK1	3	Exp09_Pair3	119	121	0.3628906426658603	0.7207162425211313	0.357825599855271	1	1	True
9	SRI	1	Exp09_Pair1	115	116	0.8155754288625725	0.8723866786898002	0.05681124982722774	5	6	True
9	SRI	2	Exp09_Pair2	117	118	0.4946716116475496	0.055938989661389216	-0.43873262198616036	5	6	True
9	SRI	3	Exp09_Pair3	119	121	0.3538878362849074	0.6789733078541699	0.3250854715692625	5	5	True
9	TPT1	1	Exp09_Pair1	115	116	-0.9714308478032291	-0.042456799242894826	0.9289740485603343	3	3	True
9	TPT1	2	Exp09_Pair2	117	118	0.2726204546629918	-0.270859399509524	-0.5434798541725158	3	2	True
9	TPT1	3	Exp09_Pair3	119	121	0.2916035580305647	-0.005782352594006111	-0.2973859106245708	3	3	True
9	TST	1	Exp09_Pair1	115	116	-0.30910803158400635	-0.35938649180455584	-0.05027846022054949	5	6	True
9	TST	2	Exp09_Pair2	117	118	0.4188658828183026	-0.03285710507694749	-0.4517229878952501	6	6	True
9	TST	3	Exp09_Pair3	119	121	0.16373488934720815	-0.07350519982388715	-0.2372400891710953	6	6	True
10	ACAA2	1	Exp10_Pair1	115	116	-0.5825236335102302	0.2586056025112925	0.8411292360215227	16	16	True
10	ACAA2	2	Exp10_Pair2	117	118	0.48007938875919176	-0.6398765299292927	-1.1199559186884844	15	15	True
10	ACAA2	3	Exp10_Pair3	119	121	0.7714509279066949	1.496717987935177	0.7252670600284822	16	15	True
10	B2M	1	Exp10_Pair1	115	116	0.9515877948147541	1.0071955014042038	0.05560770658944969	1	1	True
10	B2M	2	Exp10_Pair2	117	118	2.0607391578576784	1.6327335259505353	-0.428005631907143	1	1	True
10	B2M	3	Exp10_Pair3	119	121	1.7450221490372644	3.003242417488684	1.2582202684514194	1	1	True
10	BSG	1	Exp10_Pair1	115	116	-0.3584539709124763	0.5089356618643954	0.8673896327768718	3	3	True
10	BSG	2	Exp10_Pair2	117	118	0.04684025420297235	0.22774107583912812	0.18090082163615576	3	3	True
10	BSG	3	Exp10_Pair3	119	121	0.7048719644563528	0.9053508995809584	0.20047893512460557	3	3	True
10	CALM1	1	Exp10_Pair1	115	116	-1.3136966916951585	-0.2722973271627619	1.0413993645323965	6	7	True
10	CALM1	2	Exp10_Pair2	117	118	-0.040971781056306174	-1.0173753572198982	-0.9764035761635921	7	6	True
10	CALM1	3	Exp10_Pair3	119	121	1.3538878362849074	2.147094213479434	0.7932063771945268	7	6	True
10	COX5A	1	Exp10_Pair1	115	116	0.4766408155333967	-0.08620103504930393	-0.5628418505827006	3	3	True
10	COX5A	2	Exp10_Pair2	117	118	0.16607267594670594	-0.4054514504496458	-0.5715241263963518	3	3	True
10	COX5A	3	Exp10_Pair3	119	121	1.5114680392758655	1.7039866038634308	0.19251856458756533	3	3	True
10	COX6C	1	Exp10_Pair1	115	116	0.35049724708413316	0.4404207207567671	0.08992347367263392	1	1	True
10	COX6C	2	Exp10_Pair2	117	118	0.028569152196770916	-0.2740407654908124	-0.30260991768758333	1	1	True
10	COX6C	3	Exp10_Pair3	119	121	1.686612576815591	0.9759969576164432	-0.7106156191991478	1	1	True
10	DAB2	1	Exp10_Pair1	115	116	-0.27669084293038604	0.20245973339244033	0.47915057632282637	2	2	True
10	DAB2	2	Exp10_Pair2	117	118	-0.4398426112255889	-0.3217770785592395	0.1180655326663494	2	2	True
10	DAB2	3	Exp10_Pair3	119	121	0.5942083752410958	-0.36209358801843344	-0.9563019632595293	2	2	True
10	DHRS11	1	Exp10_Pair1	115	116	0.14180030550697062	-0.3167127161867818	-0.4585130216937524	2	2	True
10	DHRS11	2	Exp10_Pair2	117	118	0.1413758687018046	-1.2537093433964825	-1.395085212098287	2	2	True
10	DHRS11	3	Exp10_Pair3	119	121	1.1328549630268863	-0.6972623151935158	-1.830117278220402	2	2	True
10	EPCAM	1	Exp10_Pair1	115	116	0.08980258401421466	0.8119135362525123	0.7221109522382976	2	3	True
10	EPCAM	2	Exp10_Pair2	117	118	-0.29066316751688664	0.06766827151000465	0.3583314390268913	2	3	True
10	EPCAM	3	Exp10_Pair3	119	121	1.3985201892013075	1.4173570865354792	0.01883689733417171	3	2	True
10	ETHE1	1	Exp10_Pair1	115	116	0.06058385499103414	0.13978171571885992	0.07919786072782578	10	10	True
10	ETHE1	2	Exp10_Pair2	117	118	0.11566274633665252	-0.5576251484812215	-0.673287894817874	10	10	True
10	ETHE1	3	Exp10_Pair3	119	121	1.1310627373926705	0.24974412284199551	-0.881318614550675	10	10	True
10	FABP1	1	Exp10_Pair1	115	116	-0.42275246440684927	1.8143453349632197	2.237097799370069	11	11	True
10	FABP1	2	Exp10_Pair2	117	118	0.8338030275260779	-0.5452954635588323	-1.3790984910849102	11	8	True
10	FABP1	3	Exp10_Pair3	119	121	0.6780719051126377	-0.17426402526369733	-0.852335930376335	11	11	True
10	HMGCS2	1	Exp10_Pair1	115	116	-0.5207709236328968	-0.15457245509453627	0.3661984685383605	10	11	True
10	HMGCS2	2	Exp10_Pair2	117	118	0.9137989649506961	-0.8365012677171204	-1.7503002326678165	13	7	True
10	HMGCS2	3	Exp10_Pair3	119	121	0.7798900393400472	1.0	0.2201099606599528	13	11	True
10	IFITM3	1	Exp10_Pair1	115	116	0.41495859005433017	0.5086401235385279	0.09368153348419778	2	2	True
10	IFITM3	2	Exp10_Pair2	117	118	0.5270110720037269	0.8337095130332896	0.3066984410295627	2	2	True
10	IFITM3	3	Exp10_Pair3	119	121	1.0336558793728217	1.2492850979521055	0.21562921857928385	2	2	True
10	IGFBP2	1	Exp10_Pair1	115	116	-0.48398485299633537	0.7259592345091876	1.209944087505523	1	1	True
10	IGFBP2	3	Exp10_Pair3	119	121	0.17248751551013403	-0.3057883922321094	-0.47827590774224343	1	1	True
10	LGALS3	1	Exp10_Pair1	115	116	0.32943642391269634	1.167573106565944	0.8381366826532477	8	8	True
10	LGALS3	2	Exp10_Pair2	117	118	0.20661453911237115	-0.7622835885736194	-0.9688981276859906	8	8	True
10	LGALS3	3	Exp10_Pair3	119	121	0.7481791565153696	0.42182633467557173	-0.32635282183979786	8	8	True
10	LGALS4	1	Exp10_Pair1	115	116	-0.10626719212945249	0.2148721256587529	0.32113931778820537	12	12	True
10	LGALS4	2	Exp10_Pair2	117	118	0.19620942977011074	-0.4493215320703415	-0.6455309618404522	12	12	True
10	LGALS4	3	Exp10_Pair3	119	121	1.031050664429867	1.0973782696471432	0.06632760521727632	12	12	True
10	MYL12A	1	Exp10_Pair1	115	116	-0.40655340620970437	0.5785335000508739	0.9850869062605783	4	3	True
10	MYL12A	2	Exp10_Pair2	117	118	-0.13926729550536168	0.11082967301939087	0.25009696852475255	3	3	True
10	MYL12A	3	Exp10_Pair3	119	121	1.2387868595871165	0.7852183499843255	-0.45356850960279105	3	3	True
10	MYL6	1	Exp10_Pair1	115	116	-0.3197942620396433	0.43235595404338534	0.7521502160830287	10	10	True
10	MYL6	2	Exp10_Pair2	117	118	0.2903088968076164	-0.20052662347389846	-0.4908355202815149	10	10	True
10	MYL6	3	Exp10_Pair3	119	121	1.1428219368607184	0.4525907163279266	-0.6902312205327918	10	10	True
10	NDRG1	1	Exp10_Pair1	115	116	-0.03741730758168528	0.42520369919222684	0.4626210067739121	6	7	True
10	NDRG1	2	Exp10_Pair2	117	118	0.07617580638577096	-0.35577218447871906	-0.43194799086449	6	6	True
10	NDRG1	3	Exp10_Pair3	119	121	0.6059683588414584	1.8208757032933955	1.2149073444519372	7	6	True
10	OLFM4	1	Exp10_Pair1	115	116	-1.2726727185773696	-0.6772819717395523	0.5953907468378173	2	3	True
10	OLFM4	2	Exp10_Pair2	117	118	-1.3686845476039888	-0.7797826359026065	0.5889019117013823	2	2	True
10	OLFM4	3	Exp10_Pair3	119	121	-0.3246839952478098	2.538608513212115	2.863292508459925	2	2	True
10	PRDX6	1	Exp10_Pair1	115	116	0.4103411046140874	1.2131457976451943	0.8028046930311068	11	12	True
10	PRDX6	2	Exp10_Pair2	117	118	0.6115574940147933	0.12278480828822738	-0.48877268572656596	12	12	True
10	PRDX6	3	Exp10_Pair3	119	121	1.7244890836603979	1.1919726705543048	-0.5325164131060931	12	12	True
10	SLC25A5	1	Exp10_Pair1	115	116	0.08269422755495638	0.10413001818783311	0.021435790632876733	7	7	True
10	SLC25A5	2	Exp10_Pair2	117	118	0.11370049916472831	-0.22894627162863854	-0.34264677079336686	7	7	True
10	SLC25A5	3	Exp10_Pair3	119	121	1.2993460070057625	1.5077216658600707	0.2083756588543082	7	7	True
10	SORD	1	Exp10_Pair1	115	116	-0.8862995008352716	0.5548343958941929	1.4411338967294647	3	3	True
10	SORD	2	Exp10_Pair2	117	118	-0.9686048037244657	-0.42275246440684927	0.5458523393176165	3	3	True
10	SORD	3	Exp10_Pair3	119	121	0.32423456227053127	1.462052318796433	1.1378177565259016	3	3	True
10	SRI	1	Exp10_Pair1	115	116	0.9290334786458564	1.6262054829530377	0.6971720043071813	3	3	True
10	SRI	2	Exp10_Pair2	117	118	1.4118930192647532	0.45838200415601327	-0.9535110151087399	4	3	True
10	SRI	3	Exp10_Pair3	119	121	1.2540638291077675	0.7723079749584033	-0.48175585414936417	4	3	True
10	TPT1	1	Exp10_Pair1	115	116	-0.16568263263516822	0.4586467472343733	0.6243293798695415	4	4	True
10	TPT1	2	Exp10_Pair2	117	118	-0.06689811839586907	0.6317933660345773	0.6986914844304464	4	4	True
10	TPT1	3	Exp10_Pair3	119	121	1.4253437134630578	1.7890349081371002	0.36369119467404243	4	4	True
10	TRIP6	1	Exp10_Pair1	115	116	0.6201171650286842	0.49774008860909325	-0.12237707641959095	1	1	True
10	TRIP6	2	Exp10_Pair2	117	118	0.9913177569001991	0.7493197245740804	-0.24199803232611872	1	1	True
10	TRIP6	3	Exp10_Pair3	119	121	1.2442781985781444	0.6433944534798923	-0.600883745098252	1	1	True
10	TST	1	Exp10_Pair1	115	116	-0.35978787047785293	-0.042456799242894826	0.31733107123495813	5	5	True
10	TST	2	Exp10_Pair2	117	118	-0.29335894269059154	-0.7642658839184281	-0.47090694122783655	5	4	True
10	TST	3	Exp10_Pair3	119	121	1.0482361856528477	0.34141652447872234	-0.7068196611741253	5	5	True
