held_out_donor	scope	n_genes	effect_spearman	direction_match_fraction	donor_present_in_scope
HTA11_104	ABS	1843	0.988234388809835	1	TRUE
HTA11_104	GOB	1843	0.993590828545335	1	TRUE
HTA11_104	TAC	1843	0.995963682086994	1	TRUE
HTA11_104	common_GLS	1843	0.992690553791935	1	TRUE
HTA11_1391	ABS	1843	0.991721164268371	1	TRUE
HTA11_1391	GOB	1843	0.992615603898753	1	TRUE
HTA11_1391	TAC	1843	0.992809805763975	1	TRUE
HTA11_1391	common_GLS	1843	0.992533521123592	1	TRUE
HTA11_1938	ABS	1843	0.989668462303731	1	TRUE
HTA11_1938	GOB	1843	0.990447660171453	1	TRUE
HTA11_1938	TAC	1843	0.993270473774149	1	TRUE
HTA11_1938	common_GLS	1843	0.992268902895391	1	TRUE
HTA11_2112	ABS	1843	0.99385510172684	1	TRUE
HTA11_2112	GOB	1843	0.994343814365706	1	TRUE
HTA11_2112	TAC	1843	0.996446189636108	1	FALSE
HTA11_2112	common_GLS	1843	0.995100530524247	1	TRUE
HTA11_2235	ABS	1843	0.990402631577606	1	TRUE
HTA11_2235	GOB	1843	0.993003242775688	1	TRUE
HTA11_2235	TAC	1843	0.99351039432661	1	TRUE
HTA11_2235	common_GLS	1843	0.992261277363406	1	TRUE
HTA11_2487	ABS	1843	0.992409528593332	1	TRUE
HTA11_2487	GOB	1843	0.994289120630514	1	TRUE
HTA11_2487	TAC	1843	0.996140629700483	1	TRUE
HTA11_2487	common_GLS	1843	0.994039630783013	1	TRUE
HTA11_2951	ABS	1843	0.984072974217141	0.998914812805209	TRUE
HTA11_2951	GOB	1843	0.989987369795719	1	TRUE
HTA11_2951	TAC	1843	0.99238585647305	1	TRUE
HTA11_2951	common_GLS	1843	0.987781150805185	1	TRUE
HTA11_3077	ABS	1843	0.993637908250098	1	TRUE
HTA11_3077	GOB	1843	0.99465854679267	1	TRUE
HTA11_3077	TAC	1843	0.996562397529518	1	TRUE
HTA11_3077	common_GLS	1843	0.995173711094648	1	TRUE
HTA11_3252	ABS	1843	0.989700795096086	1	TRUE
HTA11_3252	GOB	1843	0.993831793822515	1	TRUE
HTA11_3252	TAC	1843	0.994442066412434	1	TRUE
HTA11_3252	common_GLS	1843	0.991787397898622	1	TRUE
HTA11_3361	ABS	1843	0.975265885412193	0.997829625610418	TRUE
HTA11_3361	GOB	1843	0.983690033726053	0.999457406402604	TRUE
HTA11_3361	TAC	1843	0.988850189814596	0.999457406402604	TRUE
HTA11_3361	common_GLS	1843	0.978522194597741	1	TRUE
HTA11_3410	ABS	1843	0.989509311432059	0.998914812805209	TRUE
HTA11_3410	GOB	1843	0.984290106352248	0.998914812805209	TRUE
HTA11_3410	TAC	1843	0.988972451360598	1	TRUE
HTA11_3410	common_GLS	1843	0.986519732927263	1	TRUE
HTA11_347	ABS	1843	0.992043326700859	1	TRUE
HTA11_347	GOB	1843	0.993265551107951	1	TRUE
HTA11_347	TAC	1843	0.994894999625835	1	TRUE
HTA11_347	common_GLS	1843	0.994096352626007	1	TRUE
HTA11_377	ABS	1843	0.989990572979215	1	TRUE
HTA11_377	GOB	1843	0.99322870587158	1	TRUE
HTA11_377	TAC	1843	0.995876210832595	1	TRUE
HTA11_377	common_GLS	1843	0.99239607752296	1	TRUE
HTA11_392	ABS	1843	0.990874801144318	1	TRUE
HTA11_392	GOB	1843	0.993604452139054	1	TRUE
HTA11_392	TAC	1843	0.995953156245835	1	TRUE
HTA11_392	common_GLS	1843	0.992690994684935	1	TRUE
HTA11_411	ABS	1843	0.990469720156893	1	TRUE
HTA11_411	GOB	1843	0.993059889858564	1	TRUE
HTA11_411	TAC	1843	0.995373138500391	1	TRUE
HTA11_411	common_GLS	1843	0.992017609220439	1	TRUE
HTA11_5212	ABS	1843	0.981869237645894	0.998914812805209	TRUE
HTA11_5212	GOB	1843	0.994481386400386	1	FALSE
HTA11_5212	TAC	1843	0.996342190644963	1	TRUE
HTA11_5212	common_GLS	1843	0.992387712057505	1	TRUE
HTA11_5216	ABS	1843	0.993359662594325	1	TRUE
HTA11_5216	GOB	1843	0.994409549595174	1	TRUE
HTA11_5216	TAC	1843	0.996209293993016	1	TRUE
HTA11_5216	common_GLS	1843	0.994771522748693	1	TRUE
HTA11_5363	ABS	1843	0.992692886690986	1	TRUE
HTA11_5363	GOB	1843	0.994466654823386	1	TRUE
HTA11_5363	TAC	1843	0.996446189636108	1	FALSE
HTA11_5363	common_GLS	1843	0.994340923641162	1	TRUE
HTA11_546	ABS	1843	0.978771301060025	1	TRUE
HTA11_546	GOB	1843	0.986649064096683	0.999457406402604	TRUE
HTA11_546	TAC	1843	0.989059719420832	1	TRUE
HTA11_546	common_GLS	1843	0.98214080473117	1	TRUE
HTA11_6025	ABS	1843	0.99090865980984	1	TRUE
HTA11_6025	GOB	1843	0.994557427024512	1	TRUE
HTA11_6025	TAC	1843	0.996376587966717	1	TRUE
HTA11_6025	common_GLS	1843	0.994281964745421	1	TRUE
HTA11_6134	ABS	1843	0.992449738034989	1	TRUE
HTA11_6134	GOB	1843	0.994282764103601	1	TRUE
HTA11_6134	TAC	1843	0.996485360103825	1	TRUE
HTA11_6134	common_GLS	1843	0.993980959426185	1	TRUE
HTA11_6147	ABS	1843	0.992559949783591	1	TRUE
HTA11_6147	GOB	1843	0.994247557839037	1	TRUE
HTA11_6147	TAC	1843	0.996307664889161	1	TRUE
HTA11_6147	common_GLS	1843	0.994387265329381	1	TRUE
HTA11_6310	ABS	1843	0.993614418237794	1	TRUE
HTA11_6310	GOB	1843	0.994664312906348	1	TRUE
HTA11_6310	TAC	1843	0.996484516656345	1	TRUE
HTA11_6310	common_GLS	1843	0.994908241751263	1	TRUE
HTA11_696	ABS	1843	0.974977758002428	0.998372219207813	TRUE
HTA11_696	GOB	1843	0.97775420307994	0.999457406402604	TRUE
HTA11_696	TAC	1843	0.98221153930388	1	TRUE
HTA11_696	common_GLS	1843	0.971848121209813	1	TRUE
HTA11_78	ABS	1843	0.988084414263355	1	TRUE
HTA11_78	GOB	1843	0.986085470573975	1	TRUE
HTA11_78	TAC	1843	0.99025172348812	1	TRUE
HTA11_78	common_GLS	1843	0.989387993013694	1	TRUE
HTA11_83	ABS	1843	0.989185981591583	1	TRUE
HTA11_83	GOB	1843	0.991267117320911	1	TRUE
HTA11_83	TAC	1843	0.994530131913921	1	TRUE
HTA11_83	common_GLS	1843	0.989754610879129	1	TRUE
HTA11_866	ABS	1843	0.990147095745217	1	TRUE
HTA11_866	GOB	1843	0.991070038149628	1	TRUE
HTA11_866	TAC	1843	0.994604658166436	1	TRUE
HTA11_866	common_GLS	1843	0.992340503918694	1	TRUE
